Nationalities,Year,Kolumna2
American,1950,35
American,1951,51
American,1952,60
American,1953,69
American,1954,76
American,1955,84
American,1956,89
American,1957,96
American,1958,107
American,1959,118
American,1960,128
American,1961,131
American,1962,134
American,1963,136
American,1964,138
American,1965,139
American,1966,139
American,1967,141
American,1968,143
American,1969,143
American,1970,144
American,1971,147
American,1972,147
American,1973,148
American,1974,148
American,1975,149
American,1976,149
American,1977,150
American,1978,152
American,1979,152
American,1980,153
American,1981,153
American,1982,153
American,1983,154
American,1984,154
American,1985,154
American,1986,154
American,1987,154
American,1988,154
American,1989,154
American,1990,154
American,1991,154
American,1992,154
American,1993,155
American,1994,155
American,1995,155
American,1996,155
American,1997,155
American,1998,155
American,1999,155
American,2000,155
American,2001,155
American,2002,155
American,2003,155
American,2004,155
American,2005,155
American,2006,156
American,2007,156
American,2008,156
American,2009,156
American,2010,156
American,2011,156
American,2012,156
American,2013,156
American,2014,156
American,2015,157
American,2016,157
American,2017,157
American,2018,157
American,2019,157
American,2020,157
American,2021,157
American,2022,157
American-Italian,1950,0
American-Italian,1951,0
American-Italian,1952,0
American-Italian,1953,0
American-Italian,1954,0
American-Italian,1955,0
American-Italian,1956,0
American-Italian,1957,0
American-Italian,1958,0
American-Italian,1959,0
American-Italian,1960,1
American-Italian,1961,1
American-Italian,1962,1
American-Italian,1963,1
American-Italian,1964,1
American-Italian,1965,1
American-Italian,1966,1
American-Italian,1967,1
American-Italian,1968,1
American-Italian,1969,1
American-Italian,1970,1
American-Italian,1971,1
American-Italian,1972,1
American-Italian,1973,1
American-Italian,1974,1
American-Italian,1975,1
American-Italian,1976,1
American-Italian,1977,1
American-Italian,1978,1
American-Italian,1979,1
American-Italian,1980,1
American-Italian,1981,1
American-Italian,1982,1
American-Italian,1983,1
American-Italian,1984,1
American-Italian,1985,1
American-Italian,1986,1
American-Italian,1987,1
American-Italian,1988,1
American-Italian,1989,1
American-Italian,1990,1
American-Italian,1991,1
American-Italian,1992,1
American-Italian,1993,1
American-Italian,1994,1
American-Italian,1995,1
American-Italian,1996,1
American-Italian,1997,1
American-Italian,1998,1
American-Italian,1999,1
American-Italian,2000,1
American-Italian,2001,1
American-Italian,2002,1
American-Italian,2003,1
American-Italian,2004,1
American-Italian,2005,1
American-Italian,2006,1
American-Italian,2007,1
American-Italian,2008,1
American-Italian,2009,1
American-Italian,2010,1
American-Italian,2011,1
American-Italian,2012,1
American-Italian,2013,1
American-Italian,2014,1
American-Italian,2015,1
American-Italian,2016,1
American-Italian,2017,1
American-Italian,2018,1
American-Italian,2019,1
American-Italian,2020,1
American-Italian,2021,1
American-Italian,2022,1
Argentine,1950,3
Argentine,1951,4
Argentine,1952,5
Argentine,1953,10
Argentine,1954,12
Argentine,1955,13
Argentine,1956,13
Argentine,1957,13
Argentine,1958,13
Argentine,1959,13
Argentine,1960,16
Argentine,1961,17
Argentine,1962,17
Argentine,1963,17
Argentine,1964,17
Argentine,1965,17
Argentine,1966,17
Argentine,1967,17
Argentine,1968,17
Argentine,1969,17
Argentine,1970,17
Argentine,1971,17
Argentine,1972,18
Argentine,1973,18
Argentine,1974,18
Argentine,1975,18
Argentine,1976,18
Argentine,1977,18
Argentine,1978,18
Argentine,1979,19
Argentine,1980,19
Argentine,1981,20
Argentine,1982,20
Argentine,1983,20
Argentine,1984,20
Argentine,1985,20
Argentine,1986,20
Argentine,1987,20
Argentine,1988,21
Argentine,1989,21
Argentine,1990,21
Argentine,1991,21
Argentine,1992,21
Argentine,1993,21
Argentine,1994,21
Argentine,1995,21
Argentine,1996,21
Argentine,1997,22
Argentine,1998,23
Argentine,1999,23
Argentine,2000,24
Argentine,2001,24
Argentine,2002,24
Argentine,2003,24
Argentine,2004,24
Argentine,2005,24
Argentine,2006,24
Argentine,2007,24
Argentine,2008,24
Argentine,2009,24
Argentine,2010,24
Argentine,2011,24
Argentine,2012,24
Argentine,2013,24
Argentine,2014,24
Argentine,2015,24
Argentine,2016,24
Argentine,2017,24
Argentine,2018,24
Argentine,2019,24
Argentine,2020,24
Argentine,2021,24
Argentine,2022,24
Argentine-Italian,1950,0
Argentine-Italian,1951,0
Argentine-Italian,1952,0
Argentine-Italian,1953,0
Argentine-Italian,1954,0
Argentine-Italian,1955,0
Argentine-Italian,1956,0
Argentine-Italian,1957,1
Argentine-Italian,1958,1
Argentine-Italian,1959,1
Argentine-Italian,1960,1
Argentine-Italian,1961,1
Argentine-Italian,1962,1
Argentine-Italian,1963,1
Argentine-Italian,1964,1
Argentine-Italian,1965,1
Argentine-Italian,1966,1
Argentine-Italian,1967,1
Argentine-Italian,1968,1
Argentine-Italian,1969,1
Argentine-Italian,1970,1
Argentine-Italian,1971,1
Argentine-Italian,1972,1
Argentine-Italian,1973,1
Argentine-Italian,1974,1
Argentine-Italian,1975,1
Argentine-Italian,1976,1
Argentine-Italian,1977,1
Argentine-Italian,1978,1
Argentine-Italian,1979,1
Argentine-Italian,1980,1
Argentine-Italian,1981,1
Argentine-Italian,1982,1
Argentine-Italian,1983,1
Argentine-Italian,1984,1
Argentine-Italian,1985,1
Argentine-Italian,1986,1
Argentine-Italian,1987,1
Argentine-Italian,1988,1
Argentine-Italian,1989,1
Argentine-Italian,1990,1
Argentine-Italian,1991,1
Argentine-Italian,1992,1
Argentine-Italian,1993,1
Argentine-Italian,1994,1
Argentine-Italian,1995,1
Argentine-Italian,1996,1
Argentine-Italian,1997,1
Argentine-Italian,1998,1
Argentine-Italian,1999,1
Argentine-Italian,2000,1
Argentine-Italian,2001,1
Argentine-Italian,2002,1
Argentine-Italian,2003,1
Argentine-Italian,2004,1
Argentine-Italian,2005,1
Argentine-Italian,2006,1
Argentine-Italian,2007,1
Argentine-Italian,2008,1
Argentine-Italian,2009,1
Argentine-Italian,2010,1
Argentine-Italian,2011,1
Argentine-Italian,2012,1
Argentine-Italian,2013,1
Argentine-Italian,2014,1
Argentine-Italian,2015,1
Argentine-Italian,2016,1
Argentine-Italian,2017,1
Argentine-Italian,2018,1
Argentine-Italian,2019,1
Argentine-Italian,2020,1
Argentine-Italian,2021,1
Argentine-Italian,2022,1
Australian,1950,0
Australian,1951,0
Australian,1952,1
Australian,1953,1
Australian,1954,1
Australian,1955,2
Australian,1956,2
Australian,1957,3
Australian,1958,4
Australian,1959,4
Australian,1960,4
Australian,1961,4
Australian,1962,4
Australian,1963,4
Australian,1964,5
Australian,1965,6
Australian,1966,6
Australian,1967,6
Australian,1968,6
Australian,1969,6
Australian,1970,7
Australian,1971,8
Australian,1972,8
Australian,1973,8
Australian,1974,10
Australian,1975,11
Australian,1976,12
Australian,1977,13
Australian,1978,13
Australian,1979,13
Australian,1980,13
Australian,1981,13
Australian,1982,13
Australian,1983,13
Australian,1984,13
Australian,1985,13
Australian,1986,13
Australian,1987,13
Australian,1988,13
Australian,1989,13
Australian,1990,15
Australian,1991,15
Australian,1992,15
Australian,1993,15
Australian,1994,15
Australian,1995,15
Australian,1996,15
Australian,1997,15
Australian,1998,15
Australian,1999,15
Australian,2000,15
Australian,2001,15
Australian,2002,16
Australian,2003,16
Australian,2004,16
Australian,2005,16
Australian,2006,16
Australian,2007,16
Australian,2008,16
Australian,2009,16
Australian,2010,16
Australian,2011,17
Australian,2012,17
Australian,2013,17
Australian,2014,17
Australian,2015,17
Australian,2016,17
Australian,2017,17
Australian,2018,17
Australian,2019,17
Australian,2020,17
Australian,2021,17
Australian,2022,17
Austrian,1950,0
Austrian,1951,0
Austrian,1952,0
Austrian,1953,0
Austrian,1954,0
Austrian,1955,0
Austrian,1956,0
Austrian,1957,0
Austrian,1958,0
Austrian,1959,0
Austrian,1960,0
Austrian,1961,0
Austrian,1962,0
Austrian,1963,0
Austrian,1964,1
Austrian,1965,1
Austrian,1966,1
Austrian,1967,1
Austrian,1968,1
Austrian,1969,1
Austrian,1970,1
Austrian,1971,3
Austrian,1972,3
Austrian,1973,3
Austrian,1974,5
Austrian,1975,6
Austrian,1976,8
Austrian,1977,8
Austrian,1978,8
Austrian,1979,8
Austrian,1980,8
Austrian,1981,8
Austrian,1982,8
Austrian,1983,8
Austrian,1984,10
Austrian,1985,10
Austrian,1986,10
Austrian,1987,10
Austrian,1988,10
Austrian,1989,10
Austrian,1990,10
Austrian,1991,11
Austrian,1992,11
Austrian,1993,11
Austrian,1994,12
Austrian,1995,12
Austrian,1996,12
Austrian,1997,13
Austrian,1998,13
Austrian,1999,13
Austrian,2000,13
Austrian,2001,13
Austrian,2002,13
Austrian,2003,13
Austrian,2004,14
Austrian,2005,15
Austrian,2006,15
Austrian,2007,15
Austrian,2008,15
Austrian,2009,15
Austrian,2010,15
Austrian,2011,15
Austrian,2012,15
Austrian,2013,15
Austrian,2014,15
Austrian,2015,15
Austrian,2016,15
Austrian,2017,15
Austrian,2018,15
Austrian,2019,15
Austrian,2020,15
Austrian,2021,15
Austrian,2022,15
Belgian,1950,1
Belgian,1951,2
Belgian,1952,6
Belgian,1953,7
Belgian,1954,7
Belgian,1955,7
Belgian,1956,9
Belgian,1957,9
Belgian,1958,10
Belgian,1959,12
Belgian,1960,13
Belgian,1961,13
Belgian,1962,13
Belgian,1963,13
Belgian,1964,13
Belgian,1965,13
Belgian,1966,13
Belgian,1967,14
Belgian,1968,14
Belgian,1969,14
Belgian,1970,14
Belgian,1971,14
Belgian,1972,14
Belgian,1973,14
Belgian,1974,15
Belgian,1975,15
Belgian,1976,16
Belgian,1977,17
Belgian,1978,17
Belgian,1979,17
Belgian,1980,17
Belgian,1981,17
Belgian,1982,17
Belgian,1983,18
Belgian,1984,18
Belgian,1985,18
Belgian,1986,18
Belgian,1987,18
Belgian,1988,18
Belgian,1989,19
Belgian,1990,19
Belgian,1991,20
Belgian,1992,20
Belgian,1993,20
Belgian,1994,21
Belgian,1995,21
Belgian,1996,21
Belgian,1997,21
Belgian,1998,21
Belgian,1999,21
Belgian,2000,21
Belgian,2001,21
Belgian,2002,21
Belgian,2003,21
Belgian,2004,21
Belgian,2005,21
Belgian,2006,21
Belgian,2007,21
Belgian,2008,21
Belgian,2009,21
Belgian,2010,21
Belgian,2011,22
Belgian,2012,22
Belgian,2013,22
Belgian,2014,22
Belgian,2015,22
Belgian,2016,23
Belgian,2017,23
Belgian,2018,23
Belgian,2019,23
Belgian,2020,23
Belgian,2021,23
Belgian,2022,23
Brazilian,1950,0
Brazilian,1951,1
Brazilian,1952,2
Brazilian,1953,2
Brazilian,1954,2
Brazilian,1955,3
Brazilian,1956,3
Brazilian,1957,3
Brazilian,1958,3
Brazilian,1959,4
Brazilian,1960,4
Brazilian,1961,4
Brazilian,1962,4
Brazilian,1963,4
Brazilian,1964,4
Brazilian,1965,4
Brazilian,1966,4
Brazilian,1967,4
Brazilian,1968,4
Brazilian,1969,4
Brazilian,1970,5
Brazilian,1971,5
Brazilian,1972,7
Brazilian,1973,8
Brazilian,1974,8
Brazilian,1975,8
Brazilian,1976,10
Brazilian,1977,10
Brazilian,1978,11
Brazilian,1979,11
Brazilian,1980,11
Brazilian,1981,12
Brazilian,1982,14
Brazilian,1983,14
Brazilian,1984,15
Brazilian,1985,15
Brazilian,1986,15
Brazilian,1987,15
Brazilian,1988,16
Brazilian,1989,16
Brazilian,1990,16
Brazilian,1991,16
Brazilian,1992,17
Brazilian,1993,18
Brazilian,1994,18
Brazilian,1995,19
Brazilian,1996,21
Brazilian,1997,21
Brazilian,1998,21
Brazilian,1999,22
Brazilian,2000,23
Brazilian,2001,24
Brazilian,2002,25
Brazilian,2003,27
Brazilian,2004,27
Brazilian,2005,27
Brazilian,2006,27
Brazilian,2007,27
Brazilian,2008,28
Brazilian,2009,28
Brazilian,2010,30
Brazilian,2011,30
Brazilian,2012,30
Brazilian,2013,30
Brazilian,2014,30
Brazilian,2015,31
Brazilian,2016,31
Brazilian,2017,31
Brazilian,2018,31
Brazilian,2019,31
Brazilian,2020,32
Brazilian,2021,32
Brazilian,2022,32
British,1950,12
British,1951,18
British,1952,33
British,1953,38
British,1954,45
British,1955,46
British,1956,53
British,1957,59
British,1958,65
British,1959,78
British,1960,82
British,1961,87
British,1962,89
British,1963,94
British,1964,96
British,1965,100
British,1966,102
British,1967,108
British,1968,112
British,1969,113
British,1970,115
British,1971,117
British,1972,117
British,1973,121
British,1974,126
British,1975,133
British,1976,134
British,1977,136
British,1978,137
British,1979,137
British,1980,140
British,1981,141
British,1982,141
British,1983,143
British,1984,144
British,1985,144
British,1986,145
British,1987,145
British,1988,146
British,1989,148
British,1990,148
British,1991,149
British,1992,151
British,1993,152
British,1994,153
British,1995,153
British,1996,153
British,1997,153
British,1998,153
British,1999,153
British,2000,154
British,2001,154
British,2002,156
British,2003,157
British,2004,157
British,2005,157
British,2006,157
British,2007,158
British,2008,158
British,2009,158
British,2010,158
British,2011,159
British,2012,159
British,2013,160
British,2014,161
British,2015,161
British,2016,162
British,2017,162
British,2018,162
British,2019,164
British,2020,165
British,2021,165
British,2022,165
Canadian,1950,0
Canadian,1951,0
Canadian,1952,0
Canadian,1953,0
Canadian,1954,0
Canadian,1955,0
Canadian,1956,0
Canadian,1957,0
Canadian,1958,0
Canadian,1959,0
Canadian,1960,0
Canadian,1961,1
Canadian,1962,1
Canadian,1963,2
Canadian,1964,2
Canadian,1965,2
Canadian,1966,2
Canadian,1967,4
Canadian,1968,5
Canadian,1969,7
Canadian,1970,7
Canadian,1971,8
Canadian,1972,8
Canadian,1973,8
Canadian,1974,8
Canadian,1975,8
Canadian,1976,8
Canadian,1977,9
Canadian,1978,9
Canadian,1979,9
Canadian,1980,9
Canadian,1981,10
Canadian,1982,10
Canadian,1983,10
Canadian,1984,10
Canadian,1985,10
Canadian,1986,11
Canadian,1987,11
Canadian,1988,11
Canadian,1989,11
Canadian,1990,11
Canadian,1991,11
Canadian,1992,11
Canadian,1993,11
Canadian,1994,11
Canadian,1995,11
Canadian,1996,12
Canadian,1997,12
Canadian,1998,12
Canadian,1999,12
Canadian,2000,12
Canadian,2001,12
Canadian,2002,12
Canadian,2003,12
Canadian,2004,12
Canadian,2005,12
Canadian,2006,12
Canadian,2007,12
Canadian,2008,12
Canadian,2009,12
Canadian,2010,12
Canadian,2011,12
Canadian,2012,12
Canadian,2013,12
Canadian,2014,12
Canadian,2015,12
Canadian,2016,12
Canadian,2017,13
Canadian,2018,13
Canadian,2019,13
Canadian,2020,14
Canadian,2021,14
Canadian,2022,14
Chilean,1950,0
Chilean,1951,0
Chilean,1952,0
Chilean,1953,0
Chilean,1954,0
Chilean,1955,0
Chilean,1956,0
Chilean,1957,0
Chilean,1958,0
Chilean,1959,0
Chilean,1960,0
Chilean,1961,0
Chilean,1962,0
Chilean,1963,0
Chilean,1964,0
Chilean,1965,0
Chilean,1966,0
Chilean,1967,0
Chilean,1968,0
Chilean,1969,0
Chilean,1970,0
Chilean,1971,0
Chilean,1972,0
Chilean,1973,0
Chilean,1974,0
Chilean,1975,0
Chilean,1976,0
Chilean,1977,0
Chilean,1978,0
Chilean,1979,0
Chilean,1980,0
Chilean,1981,1
Chilean,1982,1
Chilean,1983,1
Chilean,1984,1
Chilean,1985,1
Chilean,1986,1
Chilean,1987,1
Chilean,1988,1
Chilean,1989,1
Chilean,1990,1
Chilean,1991,1
Chilean,1992,1
Chilean,1993,1
Chilean,1994,1
Chilean,1995,1
Chilean,1996,1
Chilean,1997,1
Chilean,1998,1
Chilean,1999,1
Chilean,2000,1
Chilean,2001,1
Chilean,2002,1
Chilean,2003,1
Chilean,2004,1
Chilean,2005,1
Chilean,2006,1
Chilean,2007,1
Chilean,2008,1
Chilean,2009,1
Chilean,2010,1
Chilean,2011,1
Chilean,2012,1
Chilean,2013,1
Chilean,2014,1
Chilean,2015,1
Chilean,2016,1
Chilean,2017,1
Chilean,2018,1
Chilean,2019,1
Chilean,2020,1
Chilean,2021,1
Chilean,2022,1
Chinese,1950,0
Chinese,1951,0
Chinese,1952,0
Chinese,1953,0
Chinese,1954,0
Chinese,1955,0
Chinese,1956,0
Chinese,1957,0
Chinese,1958,0
Chinese,1959,0
Chinese,1960,0
Chinese,1961,0
Chinese,1962,0
Chinese,1963,0
Chinese,1964,0
Chinese,1965,0
Chinese,1966,0
Chinese,1967,0
Chinese,1968,0
Chinese,1969,0
Chinese,1970,0
Chinese,1971,0
Chinese,1972,0
Chinese,1973,0
Chinese,1974,0
Chinese,1975,0
Chinese,1976,0
Chinese,1977,0
Chinese,1978,0
Chinese,1979,0
Chinese,1980,0
Chinese,1981,0
Chinese,1982,0
Chinese,1983,0
Chinese,1984,0
Chinese,1985,0
Chinese,1986,0
Chinese,1987,0
Chinese,1988,0
Chinese,1989,0
Chinese,1990,0
Chinese,1991,0
Chinese,1992,0
Chinese,1993,0
Chinese,1994,0
Chinese,1995,0
Chinese,1996,0
Chinese,1997,0
Chinese,1998,0
Chinese,1999,0
Chinese,2000,0
Chinese,2001,0
Chinese,2002,0
Chinese,2003,0
Chinese,2004,0
Chinese,2005,0
Chinese,2006,0
Chinese,2007,0
Chinese,2008,0
Chinese,2009,0
Chinese,2010,0
Chinese,2011,0
Chinese,2012,0
Chinese,2013,0
Chinese,2014,0
Chinese,2015,0
Chinese,2016,0
Chinese,2017,0
Chinese,2018,0
Chinese,2019,0
Chinese,2020,0
Chinese,2021,0
Chinese,2022,1
Colombian,1950,0
Colombian,1951,0
Colombian,1952,0
Colombian,1953,0
Colombian,1954,0
Colombian,1955,0
Colombian,1956,0
Colombian,1957,0
Colombian,1958,0
Colombian,1959,0
Colombian,1960,0
Colombian,1961,0
Colombian,1962,0
Colombian,1963,0
Colombian,1964,0
Colombian,1965,0
Colombian,1966,0
Colombian,1967,0
Colombian,1968,0
Colombian,1969,0
Colombian,1970,0
Colombian,1971,0
Colombian,1972,0
Colombian,1973,0
Colombian,1974,0
Colombian,1975,0
Colombian,1976,0
Colombian,1977,0
Colombian,1978,0
Colombian,1979,0
Colombian,1980,0
Colombian,1981,1
Colombian,1982,2
Colombian,1983,2
Colombian,1984,2
Colombian,1985,2
Colombian,1986,2
Colombian,1987,2
Colombian,1988,2
Colombian,1989,2
Colombian,1990,2
Colombian,1991,2
Colombian,1992,2
Colombian,1993,2
Colombian,1994,2
Colombian,1995,2
Colombian,1996,2
Colombian,1997,2
Colombian,1998,2
Colombian,1999,2
Colombian,2000,2
Colombian,2001,3
Colombian,2002,3
Colombian,2003,3
Colombian,2004,3
Colombian,2005,3
Colombian,2006,3
Colombian,2007,3
Colombian,2008,3
Colombian,2009,3
Colombian,2010,3
Colombian,2011,3
Colombian,2012,3
Colombian,2013,3
Colombian,2014,3
Colombian,2015,3
Colombian,2016,3
Colombian,2017,3
Colombian,2018,3
Colombian,2019,3
Colombian,2020,3
Colombian,2021,3
Colombian,2022,3
Czech,1950,0
Czech,1951,0
Czech,1952,0
Czech,1953,0
Czech,1954,0
Czech,1955,0
Czech,1956,0
Czech,1957,0
Czech,1958,0
Czech,1959,0
Czech,1960,0
Czech,1961,0
Czech,1962,0
Czech,1963,0
Czech,1964,0
Czech,1965,0
Czech,1966,0
Czech,1967,0
Czech,1968,0
Czech,1969,0
Czech,1970,0
Czech,1971,0
Czech,1972,0
Czech,1973,0
Czech,1974,0
Czech,1975,0
Czech,1976,0
Czech,1977,0
Czech,1978,0
Czech,1979,0
Czech,1980,0
Czech,1981,0
Czech,1982,0
Czech,1983,0
Czech,1984,0
Czech,1985,0
Czech,1986,0
Czech,1987,0
Czech,1988,0
Czech,1989,0
Czech,1990,0
Czech,1991,0
Czech,1992,0
Czech,1993,0
Czech,1994,0
Czech,1995,0
Czech,1996,0
Czech,1997,0
Czech,1998,0
Czech,1999,0
Czech,2000,0
Czech,2001,1
Czech,2002,1
Czech,2003,1
Czech,2004,1
Czech,2005,1
Czech,2006,1
Czech,2007,1
Czech,2008,1
Czech,2009,1
Czech,2010,1
Czech,2011,1
Czech,2012,1
Czech,2013,1
Czech,2014,1
Czech,2015,1
Czech,2016,1
Czech,2017,1
Czech,2018,1
Czech,2019,1
Czech,2020,1
Czech,2021,1
Czech,2022,1
Danish,1950,0
Danish,1951,0
Danish,1952,0
Danish,1953,0
Danish,1954,0
Danish,1955,0
Danish,1956,0
Danish,1957,0
Danish,1958,0
Danish,1959,0
Danish,1960,0
Danish,1961,0
Danish,1962,0
Danish,1963,0
Danish,1964,0
Danish,1965,0
Danish,1966,0
Danish,1967,0
Danish,1968,0
Danish,1969,0
Danish,1970,0
Danish,1971,0
Danish,1972,0
Danish,1973,0
Danish,1974,1
Danish,1975,1
Danish,1976,2
Danish,1977,2
Danish,1978,2
Danish,1979,2
Danish,1980,2
Danish,1981,2
Danish,1982,2
Danish,1983,2
Danish,1984,2
Danish,1985,2
Danish,1986,2
Danish,1987,2
Danish,1988,2
Danish,1989,2
Danish,1990,2
Danish,1991,2
Danish,1992,2
Danish,1993,2
Danish,1994,2
Danish,1995,3
Danish,1996,3
Danish,1997,3
Danish,1998,3
Danish,1999,3
Danish,2000,3
Danish,2001,3
Danish,2002,3
Danish,2003,4
Danish,2004,4
Danish,2005,4
Danish,2006,4
Danish,2007,4
Danish,2008,4
Danish,2009,4
Danish,2010,4
Danish,2011,4
Danish,2012,4
Danish,2013,4
Danish,2014,5
Danish,2015,5
Danish,2016,5
Danish,2017,5
Danish,2018,5
Danish,2019,5
Danish,2020,5
Danish,2021,5
Danish,2022,5
Dutch,1950,0
Dutch,1951,0
Dutch,1952,2
Dutch,1953,2
Dutch,1954,2
Dutch,1955,2
Dutch,1956,2
Dutch,1957,3
Dutch,1958,3
Dutch,1959,3
Dutch,1960,3
Dutch,1961,3
Dutch,1962,5
Dutch,1963,6
Dutch,1964,6
Dutch,1965,6
Dutch,1966,6
Dutch,1967,6
Dutch,1968,6
Dutch,1969,6
Dutch,1970,6
Dutch,1971,7
Dutch,1972,7
Dutch,1973,7
Dutch,1974,7
Dutch,1975,8
Dutch,1976,9
Dutch,1977,10
Dutch,1978,10
Dutch,1979,11
Dutch,1980,11
Dutch,1981,11
Dutch,1982,11
Dutch,1983,11
Dutch,1984,12
Dutch,1985,12
Dutch,1986,12
Dutch,1987,12
Dutch,1988,12
Dutch,1989,12
Dutch,1990,12
Dutch,1991,12
Dutch,1992,12
Dutch,1993,12
Dutch,1994,13
Dutch,1995,13
Dutch,1996,13
Dutch,1997,13
Dutch,1998,13
Dutch,1999,13
Dutch,2000,13
Dutch,2001,13
Dutch,2002,13
Dutch,2003,13
Dutch,2004,13
Dutch,2005,15
Dutch,2006,15
Dutch,2007,15
Dutch,2008,15
Dutch,2009,15
Dutch,2010,15
Dutch,2011,15
Dutch,2012,15
Dutch,2013,16
Dutch,2014,16
Dutch,2015,17
Dutch,2016,17
Dutch,2017,17
Dutch,2018,17
Dutch,2019,17
Dutch,2020,17
Dutch,2021,17
Dutch,2022,17
East German,1950,0
East German,1951,0
East German,1952,2
East German,1953,3
East German,1954,3
East German,1955,3
East German,1956,3
East German,1957,3
East German,1958,3
East German,1959,3
East German,1960,3
East German,1961,3
East German,1962,3
East German,1963,3
East German,1964,3
East German,1965,3
East German,1966,3
East German,1967,3
East German,1968,3
East German,1969,3
East German,1970,3
East German,1971,3
East German,1972,3
East German,1973,3
East German,1974,3
East German,1975,3
East German,1976,3
East German,1977,3
East German,1978,3
East German,1979,3
East German,1980,3
East German,1981,3
East German,1982,3
East German,1983,3
East German,1984,3
East German,1985,3
East German,1986,3
East German,1987,3
East German,1988,3
East German,1989,3
East German,1990,3
East German,1991,3
East German,1992,3
East German,1993,3
East German,1994,3
East German,1995,3
East German,1996,3
East German,1997,3
East German,1998,3
East German,1999,3
East German,2000,3
East German,2001,3
East German,2002,3
East German,2003,3
East German,2004,3
East German,2005,3
East German,2006,3
East German,2007,3
East German,2008,3
East German,2009,3
East German,2010,3
East German,2011,3
East German,2012,3
East German,2013,3
East German,2014,3
East German,2015,3
East German,2016,3
East German,2017,3
East German,2018,3
East German,2019,3
East German,2020,3
East German,2021,3
East German,2022,3
Finnish,1950,0
Finnish,1951,0
Finnish,1952,0
Finnish,1953,0
Finnish,1954,0
Finnish,1955,0
Finnish,1956,0
Finnish,1957,0
Finnish,1958,0
Finnish,1959,0
Finnish,1960,0
Finnish,1961,0
Finnish,1962,0
Finnish,1963,0
Finnish,1964,0
Finnish,1965,0
Finnish,1966,0
Finnish,1967,0
Finnish,1968,0
Finnish,1969,0
Finnish,1970,0
Finnish,1971,0
Finnish,1972,0
Finnish,1973,0
Finnish,1974,1
Finnish,1975,1
Finnish,1976,1
Finnish,1977,2
Finnish,1978,3
Finnish,1979,3
Finnish,1980,3
Finnish,1981,3
Finnish,1982,3
Finnish,1983,3
Finnish,1984,3
Finnish,1985,3
Finnish,1986,3
Finnish,1987,3
Finnish,1988,3
Finnish,1989,4
Finnish,1990,4
Finnish,1991,5
Finnish,1992,5
Finnish,1993,5
Finnish,1994,6
Finnish,1995,6
Finnish,1996,6
Finnish,1997,6
Finnish,1998,6
Finnish,1999,6
Finnish,2000,6
Finnish,2001,7
Finnish,2002,7
Finnish,2003,7
Finnish,2004,7
Finnish,2005,7
Finnish,2006,7
Finnish,2007,8
Finnish,2008,8
Finnish,2009,8
Finnish,2010,8
Finnish,2011,8
Finnish,2012,8
Finnish,2013,9
Finnish,2014,9
Finnish,2015,9
Finnish,2016,9
Finnish,2017,9
Finnish,2018,9
Finnish,2019,9
Finnish,2020,9
Finnish,2021,9
Finnish,2022,9
French,1950,12
French,1951,15
French,1952,18
French,1953,18
French,1954,20
French,1955,22
French,1956,22
French,1957,22
French,1958,25
French,1959,26
French,1960,26
French,1961,27
French,1962,27
French,1963,27
French,1964,27
French,1965,27
French,1966,28
French,1967,31
French,1968,32
French,1969,32
French,1970,33
French,1971,36
French,1972,38
French,1973,38
French,1974,42
French,1975,43
French,1976,43
French,1977,44
French,1978,46
French,1979,47
French,1980,48
French,1981,48
French,1982,48
French,1983,49
French,1984,52
French,1985,52
French,1986,52
French,1987,54
French,1988,55
French,1989,58
French,1990,58
French,1991,59
French,1992,60
French,1993,61
French,1994,63
French,1995,64
French,1996,64
French,1997,64
French,1998,64
French,1999,65
French,2000,65
French,2001,65
French,2002,65
French,2003,65
French,2004,65
French,2005,65
French,2006,66
French,2007,66
French,2008,67
French,2009,68
French,2010,68
French,2011,68
French,2012,70
French,2013,71
French,2014,71
French,2015,71
French,2016,72
French,2017,73
French,2018,73
French,2019,73
French,2020,73
French,2021,73
French,2022,73
German,1950,1
German,1951,1
German,1952,11
German,1953,19
German,1954,20
German,1955,20
German,1956,21
German,1957,21
German,1958,21
German,1959,21
German,1960,21
German,1961,21
German,1962,23
German,1963,24
German,1964,24
German,1965,24
German,1966,24
German,1967,26
German,1968,26
German,1969,26
German,1970,27
German,1971,27
German,1972,27
German,1973,28
German,1974,29
German,1975,29
German,1976,29
German,1977,30
German,1978,30
German,1979,30
German,1980,31
German,1981,31
German,1982,31
German,1983,31
German,1984,32
German,1985,33
German,1986,33
German,1987,33
German,1988,34
German,1989,36
German,1990,36
German,1991,38
German,1992,38
German,1993,38
German,1994,39
German,1995,39
German,1996,39
German,1997,40
German,1998,40
German,1999,40
German,2000,41
German,2001,41
German,2002,41
German,2003,41
German,2004,42
German,2005,42
German,2006,43
German,2007,46
German,2008,46
German,2009,46
German,2010,47
German,2011,47
German,2012,47
German,2013,47
German,2014,48
German,2015,48
German,2016,49
German,2017,49
German,2018,49
German,2019,49
German,2020,49
German,2021,50
German,2022,50
Hungarian,1950,0
Hungarian,1951,0
Hungarian,1952,0
Hungarian,1953,0
Hungarian,1954,0
Hungarian,1955,0
Hungarian,1956,0
Hungarian,1957,0
Hungarian,1958,0
Hungarian,1959,0
Hungarian,1960,0
Hungarian,1961,0
Hungarian,1962,0
Hungarian,1963,0
Hungarian,1964,0
Hungarian,1965,0
Hungarian,1966,0
Hungarian,1967,0
Hungarian,1968,0
Hungarian,1969,0
Hungarian,1970,0
Hungarian,1971,0
Hungarian,1972,0
Hungarian,1973,0
Hungarian,1974,0
Hungarian,1975,0
Hungarian,1976,0
Hungarian,1977,0
Hungarian,1978,0
Hungarian,1979,0
Hungarian,1980,0
Hungarian,1981,0
Hungarian,1982,0
Hungarian,1983,0
Hungarian,1984,0
Hungarian,1985,0
Hungarian,1986,0
Hungarian,1987,0
Hungarian,1988,0
Hungarian,1989,0
Hungarian,1990,0
Hungarian,1991,0
Hungarian,1992,0
Hungarian,1993,0
Hungarian,1994,0
Hungarian,1995,0
Hungarian,1996,0
Hungarian,1997,0
Hungarian,1998,0
Hungarian,1999,0
Hungarian,2000,0
Hungarian,2001,0
Hungarian,2002,0
Hungarian,2003,1
Hungarian,2004,1
Hungarian,2005,1
Hungarian,2006,1
Hungarian,2007,1
Hungarian,2008,1
Hungarian,2009,1
Hungarian,2010,1
Hungarian,2011,1
Hungarian,2012,1
Hungarian,2013,1
Hungarian,2014,1
Hungarian,2015,1
Hungarian,2016,1
Hungarian,2017,1
Hungarian,2018,1
Hungarian,2019,1
Hungarian,2020,1
Hungarian,2021,1
Hungarian,2022,1
Indian,1950,0
Indian,1951,0
Indian,1952,0
Indian,1953,0
Indian,1954,0
Indian,1955,0
Indian,1956,0
Indian,1957,0
Indian,1958,0
Indian,1959,0
Indian,1960,0
Indian,1961,0
Indian,1962,0
Indian,1963,0
Indian,1964,0
Indian,1965,0
Indian,1966,0
Indian,1967,0
Indian,1968,0
Indian,1969,0
Indian,1970,0
Indian,1971,0
Indian,1972,0
Indian,1973,0
Indian,1974,0
Indian,1975,0
Indian,1976,0
Indian,1977,0
Indian,1978,0
Indian,1979,0
Indian,1980,0
Indian,1981,0
Indian,1982,0
Indian,1983,0
Indian,1984,0
Indian,1985,0
Indian,1986,0
Indian,1987,0
Indian,1988,0
Indian,1989,0
Indian,1990,0
Indian,1991,0
Indian,1992,0
Indian,1993,0
Indian,1994,0
Indian,1995,0
Indian,1996,0
Indian,1997,0
Indian,1998,0
Indian,1999,0
Indian,2000,0
Indian,2001,0
Indian,2002,0
Indian,2003,0
Indian,2004,0
Indian,2005,1
Indian,2006,1
Indian,2007,1
Indian,2008,1
Indian,2009,1
Indian,2010,2
Indian,2011,2
Indian,2012,2
Indian,2013,2
Indian,2014,2
Indian,2015,2
Indian,2016,2
Indian,2017,2
Indian,2018,2
Indian,2019,2
Indian,2020,2
Indian,2021,2
Indian,2022,2
Indonesian,1950,0
Indonesian,1951,0
Indonesian,1952,0
Indonesian,1953,0
Indonesian,1954,0
Indonesian,1955,0
Indonesian,1956,0
Indonesian,1957,0
Indonesian,1958,0
Indonesian,1959,0
Indonesian,1960,0
Indonesian,1961,0
Indonesian,1962,0
Indonesian,1963,0
Indonesian,1964,0
Indonesian,1965,0
Indonesian,1966,0
Indonesian,1967,0
Indonesian,1968,0
Indonesian,1969,0
Indonesian,1970,0
Indonesian,1971,0
Indonesian,1972,0
Indonesian,1973,0
Indonesian,1974,0
Indonesian,1975,0
Indonesian,1976,0
Indonesian,1977,0
Indonesian,1978,0
Indonesian,1979,0
Indonesian,1980,0
Indonesian,1981,0
Indonesian,1982,0
Indonesian,1983,0
Indonesian,1984,0
Indonesian,1985,0
Indonesian,1986,0
Indonesian,1987,0
Indonesian,1988,0
Indonesian,1989,0
Indonesian,1990,0
Indonesian,1991,0
Indonesian,1992,0
Indonesian,1993,0
Indonesian,1994,0
Indonesian,1995,0
Indonesian,1996,0
Indonesian,1997,0
Indonesian,1998,0
Indonesian,1999,0
Indonesian,2000,0
Indonesian,2001,0
Indonesian,2002,0
Indonesian,2003,0
Indonesian,2004,0
Indonesian,2005,0
Indonesian,2006,0
Indonesian,2007,0
Indonesian,2008,0
Indonesian,2009,0
Indonesian,2010,0
Indonesian,2011,0
Indonesian,2012,0
Indonesian,2013,0
Indonesian,2014,0
Indonesian,2015,0
Indonesian,2016,1
Indonesian,2017,1
Indonesian,2018,1
Indonesian,2019,1
Indonesian,2020,1
Indonesian,2021,1
Indonesian,2022,1
Irish,1950,1
Irish,1951,1
Irish,1952,1
Irish,1953,1
Irish,1954,1
Irish,1955,1
Irish,1956,1
Irish,1957,1
Irish,1958,1
Irish,1959,1
Irish,1960,1
Irish,1961,1
Irish,1962,1
Irish,1963,1
Irish,1964,1
Irish,1965,1
Irish,1966,1
Irish,1967,1
Irish,1968,1
Irish,1969,1
Irish,1970,1
Irish,1971,1
Irish,1972,1
Irish,1973,1
Irish,1974,1
Irish,1975,1
Irish,1976,1
Irish,1977,1
Irish,1978,2
Irish,1979,2
Irish,1980,3
Irish,1981,3
Irish,1982,4
Irish,1983,4
Irish,1984,4
Irish,1985,4
Irish,1986,4
Irish,1987,4
Irish,1988,4
Irish,1989,4
Irish,1990,4
Irish,1991,4
Irish,1992,4
Irish,1993,4
Irish,1994,4
Irish,1995,4
Irish,1996,4
Irish,1997,4
Irish,1998,4
Irish,1999,4
Irish,2000,4
Irish,2001,4
Irish,2002,4
Irish,2003,5
Irish,2004,5
Irish,2005,5
Irish,2006,5
Irish,2007,5
Irish,2008,5
Irish,2009,5
Irish,2010,5
Irish,2011,5
Irish,2012,5
Irish,2013,5
Irish,2014,5
Irish,2015,5
Irish,2016,5
Irish,2017,5
Irish,2018,5
Irish,2019,5
Irish,2020,5
Irish,2021,5
Irish,2022,5
Italian,1950,12
Italian,1951,12
Italian,1952,14
Italian,1953,17
Italian,1954,18
Italian,1955,21
Italian,1956,24
Italian,1957,24
Italian,1958,27
Italian,1959,27
Italian,1960,29
Italian,1961,39
Italian,1962,40
Italian,1963,42
Italian,1964,43
Italian,1965,44
Italian,1966,44
Italian,1967,44
Italian,1968,45
Italian,1969,45
Italian,1970,47
Italian,1971,47
Italian,1972,48
Italian,1973,48
Italian,1974,51
Italian,1975,52
Italian,1976,53
Italian,1977,57
Italian,1978,60
Italian,1979,62
Italian,1980,63
Italian,1981,66
Italian,1982,69
Italian,1983,70
Italian,1984,71
Italian,1985,72
Italian,1986,74
Italian,1987,77
Italian,1988,77
Italian,1989,80
Italian,1990,82
Italian,1991,84
Italian,1992,86
Italian,1993,88
Italian,1994,90
Italian,1995,92
Italian,1996,93
Italian,1997,95
Italian,1998,95
Italian,1999,95
Italian,2000,95
Italian,2001,95
Italian,2002,95
Italian,2003,95
Italian,2004,97
Italian,2005,98
Italian,2006,98
Italian,2007,98
Italian,2008,98
Italian,2009,98
Italian,2010,98
Italian,2011,98
Italian,2012,98
Italian,2013,98
Italian,2014,98
Italian,2015,98
Italian,2016,98
Italian,2017,99
Italian,2018,99
Italian,2019,99
Italian,2020,99
Italian,2021,99
Italian,2022,99
Japanese,1950,0
Japanese,1951,0
Japanese,1952,0
Japanese,1953,0
Japanese,1954,0
Japanese,1955,0
Japanese,1956,0
Japanese,1957,0
Japanese,1958,0
Japanese,1959,0
Japanese,1960,0
Japanese,1961,0
Japanese,1962,0
Japanese,1963,0
Japanese,1964,0
Japanese,1965,0
Japanese,1966,0
Japanese,1967,0
Japanese,1968,0
Japanese,1969,0
Japanese,1970,0
Japanese,1971,0
Japanese,1972,0
Japanese,1973,0
Japanese,1974,0
Japanese,1975,1
Japanese,1976,4
Japanese,1977,5
Japanese,1978,5
Japanese,1979,5
Japanese,1980,5
Japanese,1981,5
Japanese,1982,5
Japanese,1983,5
Japanese,1984,5
Japanese,1985,5
Japanese,1986,5
Japanese,1987,6
Japanese,1988,7
Japanese,1989,7
Japanese,1990,7
Japanese,1991,8
Japanese,1992,9
Japanese,1993,10
Japanese,1994,12
Japanese,1995,12
Japanese,1996,12
Japanese,1997,13
Japanese,1998,14
Japanese,1999,14
Japanese,2000,14
Japanese,2001,14
Japanese,2002,15
Japanese,2003,15
Japanese,2004,15
Japanese,2005,15
Japanese,2006,17
Japanese,2007,18
Japanese,2008,18
Japanese,2009,19
Japanese,2010,19
Japanese,2011,19
Japanese,2012,19
Japanese,2013,19
Japanese,2014,19
Japanese,2015,19
Japanese,2016,19
Japanese,2017,19
Japanese,2018,19
Japanese,2019,19
Japanese,2020,19
Japanese,2021,20
Japanese,2022,20
Liechtensteiner,1950,0
Liechtensteiner,1951,0
Liechtensteiner,1952,0
Liechtensteiner,1953,0
Liechtensteiner,1954,0
Liechtensteiner,1955,0
Liechtensteiner,1956,0
Liechtensteiner,1957,0
Liechtensteiner,1958,0
Liechtensteiner,1959,0
Liechtensteiner,1960,0
Liechtensteiner,1961,0
Liechtensteiner,1962,0
Liechtensteiner,1963,0
Liechtensteiner,1964,0
Liechtensteiner,1965,0
Liechtensteiner,1966,0
Liechtensteiner,1967,0
Liechtensteiner,1968,0
Liechtensteiner,1969,0
Liechtensteiner,1970,0
Liechtensteiner,1971,0
Liechtensteiner,1972,0
Liechtensteiner,1973,1
Liechtensteiner,1974,1
Liechtensteiner,1975,1
Liechtensteiner,1976,1
Liechtensteiner,1977,1
Liechtensteiner,1978,1
Liechtensteiner,1979,1
Liechtensteiner,1980,1
Liechtensteiner,1981,1
Liechtensteiner,1982,1
Liechtensteiner,1983,1
Liechtensteiner,1984,1
Liechtensteiner,1985,1
Liechtensteiner,1986,1
Liechtensteiner,1987,1
Liechtensteiner,1988,1
Liechtensteiner,1989,1
Liechtensteiner,1990,1
Liechtensteiner,1991,1
Liechtensteiner,1992,1
Liechtensteiner,1993,1
Liechtensteiner,1994,1
Liechtensteiner,1995,1
Liechtensteiner,1996,1
Liechtensteiner,1997,1
Liechtensteiner,1998,1
Liechtensteiner,1999,1
Liechtensteiner,2000,1
Liechtensteiner,2001,1
Liechtensteiner,2002,1
Liechtensteiner,2003,1
Liechtensteiner,2004,1
Liechtensteiner,2005,1
Liechtensteiner,2006,1
Liechtensteiner,2007,1
Liechtensteiner,2008,1
Liechtensteiner,2009,1
Liechtensteiner,2010,1
Liechtensteiner,2011,1
Liechtensteiner,2012,1
Liechtensteiner,2013,1
Liechtensteiner,2014,1
Liechtensteiner,2015,1
Liechtensteiner,2016,1
Liechtensteiner,2017,1
Liechtensteiner,2018,1
Liechtensteiner,2019,1
Liechtensteiner,2020,1
Liechtensteiner,2021,1
Liechtensteiner,2022,1
Malaysian,1950,0
Malaysian,1951,0
Malaysian,1952,0
Malaysian,1953,0
Malaysian,1954,0
Malaysian,1955,0
Malaysian,1956,0
Malaysian,1957,0
Malaysian,1958,0
Malaysian,1959,0
Malaysian,1960,0
Malaysian,1961,0
Malaysian,1962,0
Malaysian,1963,0
Malaysian,1964,0
Malaysian,1965,0
Malaysian,1966,0
Malaysian,1967,0
Malaysian,1968,0
Malaysian,1969,0
Malaysian,1970,0
Malaysian,1971,0
Malaysian,1972,0
Malaysian,1973,0
Malaysian,1974,0
Malaysian,1975,0
Malaysian,1976,0
Malaysian,1977,0
Malaysian,1978,0
Malaysian,1979,0
Malaysian,1980,0
Malaysian,1981,0
Malaysian,1982,0
Malaysian,1983,0
Malaysian,1984,0
Malaysian,1985,0
Malaysian,1986,0
Malaysian,1987,0
Malaysian,1988,0
Malaysian,1989,0
Malaysian,1990,0
Malaysian,1991,0
Malaysian,1992,0
Malaysian,1993,0
Malaysian,1994,0
Malaysian,1995,0
Malaysian,1996,0
Malaysian,1997,0
Malaysian,1998,0
Malaysian,1999,0
Malaysian,2000,0
Malaysian,2001,1
Malaysian,2002,1
Malaysian,2003,1
Malaysian,2004,1
Malaysian,2005,1
Malaysian,2006,1
Malaysian,2007,1
Malaysian,2008,1
Malaysian,2009,1
Malaysian,2010,1
Malaysian,2011,1
Malaysian,2012,1
Malaysian,2013,1
Malaysian,2014,1
Malaysian,2015,1
Malaysian,2016,1
Malaysian,2017,1
Malaysian,2018,1
Malaysian,2019,1
Malaysian,2020,1
Malaysian,2021,1
Malaysian,2022,1
Mexican,1950,0
Mexican,1951,0
Mexican,1952,0
Mexican,1953,0
Mexican,1954,0
Mexican,1955,0
Mexican,1956,0
Mexican,1957,0
Mexican,1958,0
Mexican,1959,0
Mexican,1960,0
Mexican,1961,1
Mexican,1962,1
Mexican,1963,3
Mexican,1964,3
Mexican,1965,3
Mexican,1966,3
Mexican,1967,3
Mexican,1968,3
Mexican,1969,3
Mexican,1970,3
Mexican,1971,3
Mexican,1972,3
Mexican,1973,3
Mexican,1974,3
Mexican,1975,3
Mexican,1976,3
Mexican,1977,4
Mexican,1978,4
Mexican,1979,4
Mexican,1980,4
Mexican,1981,4
Mexican,1982,4
Mexican,1983,4
Mexican,1984,4
Mexican,1985,4
Mexican,1986,4
Mexican,1987,4
Mexican,1988,4
Mexican,1989,4
Mexican,1990,4
Mexican,1991,4
Mexican,1992,4
Mexican,1993,4
Mexican,1994,4
Mexican,1995,4
Mexican,1996,4
Mexican,1997,4
Mexican,1998,4
Mexican,1999,4
Mexican,2000,4
Mexican,2001,4
Mexican,2002,4
Mexican,2003,4
Mexican,2004,4
Mexican,2005,4
Mexican,2006,4
Mexican,2007,4
Mexican,2008,4
Mexican,2009,4
Mexican,2010,4
Mexican,2011,5
Mexican,2012,5
Mexican,2013,6
Mexican,2014,6
Mexican,2015,6
Mexican,2016,6
Mexican,2017,6
Mexican,2018,6
Mexican,2019,6
Mexican,2020,6
Mexican,2021,6
Mexican,2022,6
Monegasque,1950,1
Monegasque,1951,1
Monegasque,1952,1
Monegasque,1953,1
Monegasque,1954,1
Monegasque,1955,1
Monegasque,1956,1
Monegasque,1957,1
Monegasque,1958,2
Monegasque,1959,2
Monegasque,1960,2
Monegasque,1961,2
Monegasque,1962,2
Monegasque,1963,2
Monegasque,1964,2
Monegasque,1965,2
Monegasque,1966,2
Monegasque,1967,2
Monegasque,1968,2
Monegasque,1969,2
Monegasque,1970,2
Monegasque,1971,2
Monegasque,1972,2
Monegasque,1973,2
Monegasque,1974,2
Monegasque,1975,2
Monegasque,1976,2
Monegasque,1977,2
Monegasque,1978,2
Monegasque,1979,2
Monegasque,1980,2
Monegasque,1981,2
Monegasque,1982,2
Monegasque,1983,2
Monegasque,1984,2
Monegasque,1985,2
Monegasque,1986,2
Monegasque,1987,2
Monegasque,1988,2
Monegasque,1989,2
Monegasque,1990,2
Monegasque,1991,2
Monegasque,1992,2
Monegasque,1993,2
Monegasque,1994,3
Monegasque,1995,3
Monegasque,1996,3
Monegasque,1997,3
Monegasque,1998,3
Monegasque,1999,3
Monegasque,2000,3
Monegasque,2001,3
Monegasque,2002,3
Monegasque,2003,3
Monegasque,2004,3
Monegasque,2005,3
Monegasque,2006,3
Monegasque,2007,3
Monegasque,2008,3
Monegasque,2009,3
Monegasque,2010,3
Monegasque,2011,3
Monegasque,2012,3
Monegasque,2013,3
Monegasque,2014,3
Monegasque,2015,3
Monegasque,2016,3
Monegasque,2017,3
Monegasque,2018,4
Monegasque,2019,4
Monegasque,2020,4
Monegasque,2021,4
Monegasque,2022,4
New Zealander,1950,0
New Zealander,1951,0
New Zealander,1952,0
New Zealander,1953,0
New Zealander,1954,0
New Zealander,1955,0
New Zealander,1956,0
New Zealander,1957,0
New Zealander,1958,1
New Zealander,1959,1
New Zealander,1960,1
New Zealander,1961,1
New Zealander,1962,2
New Zealander,1963,3
New Zealander,1964,3
New Zealander,1965,4
New Zealander,1966,4
New Zealander,1967,4
New Zealander,1968,4
New Zealander,1969,4
New Zealander,1970,4
New Zealander,1971,5
New Zealander,1972,5
New Zealander,1973,6
New Zealander,1974,7
New Zealander,1975,7
New Zealander,1976,7
New Zealander,1977,7
New Zealander,1978,7
New Zealander,1979,7
New Zealander,1980,8
New Zealander,1981,8
New Zealander,1982,8
New Zealander,1983,8
New Zealander,1984,8
New Zealander,1985,8
New Zealander,1986,8
New Zealander,1987,8
New Zealander,1988,8
New Zealander,1989,8
New Zealander,1990,8
New Zealander,1991,8
New Zealander,1992,8
New Zealander,1993,8
New Zealander,1994,8
New Zealander,1995,8
New Zealander,1996,8
New Zealander,1997,8
New Zealander,1998,8
New Zealander,1999,8
New Zealander,2000,8
New Zealander,2001,8
New Zealander,2002,8
New Zealander,2003,8
New Zealander,2004,8
New Zealander,2005,8
New Zealander,2006,8
New Zealander,2007,8
New Zealander,2008,8
New Zealander,2009,8
New Zealander,2010,8
New Zealander,2011,8
New Zealander,2012,8
New Zealander,2013,8
New Zealander,2014,8
New Zealander,2015,8
New Zealander,2016,8
New Zealander,2017,9
New Zealander,2018,9
New Zealander,2019,9
New Zealander,2020,9
New Zealander,2021,9
New Zealander,2022,9
Polish,1950,0
Polish,1951,0
Polish,1952,0
Polish,1953,0
Polish,1954,0
Polish,1955,0
Polish,1956,0
Polish,1957,0
Polish,1958,0
Polish,1959,0
Polish,1960,0
Polish,1961,0
Polish,1962,0
Polish,1963,0
Polish,1964,0
Polish,1965,0
Polish,1966,0
Polish,1967,0
Polish,1968,0
Polish,1969,0
Polish,1970,0
Polish,1971,0
Polish,1972,0
Polish,1973,0
Polish,1974,0
Polish,1975,0
Polish,1976,0
Polish,1977,0
Polish,1978,0
Polish,1979,0
Polish,1980,0
Polish,1981,0
Polish,1982,0
Polish,1983,0
Polish,1984,0
Polish,1985,0
Polish,1986,0
Polish,1987,0
Polish,1988,0
Polish,1989,0
Polish,1990,0
Polish,1991,0
Polish,1992,0
Polish,1993,0
Polish,1994,0
Polish,1995,0
Polish,1996,0
Polish,1997,0
Polish,1998,0
Polish,1999,0
Polish,2000,0
Polish,2001,0
Polish,2002,0
Polish,2003,0
Polish,2004,0
Polish,2005,0
Polish,2006,1
Polish,2007,1
Polish,2008,1
Polish,2009,1
Polish,2010,1
Polish,2011,1
Polish,2012,1
Polish,2013,1
Polish,2014,1
Polish,2015,1
Polish,2016,1
Polish,2017,1
Polish,2018,1
Polish,2019,1
Polish,2020,1
Polish,2021,1
Polish,2022,1
Portuguese,1950,0
Portuguese,1951,0
Portuguese,1952,0
Portuguese,1953,0
Portuguese,1954,0
Portuguese,1955,0
Portuguese,1956,0
Portuguese,1957,0
Portuguese,1958,0
Portuguese,1959,1
Portuguese,1960,1
Portuguese,1961,1
Portuguese,1962,1
Portuguese,1963,1
Portuguese,1964,1
Portuguese,1965,1
Portuguese,1966,1
Portuguese,1967,1
Portuguese,1968,1
Portuguese,1969,1
Portuguese,1970,1
Portuguese,1971,1
Portuguese,1972,1
Portuguese,1973,1
Portuguese,1974,1
Portuguese,1975,1
Portuguese,1976,1
Portuguese,1977,1
Portuguese,1978,1
Portuguese,1979,1
Portuguese,1980,1
Portuguese,1981,1
Portuguese,1982,1
Portuguese,1983,1
Portuguese,1984,1
Portuguese,1985,1
Portuguese,1986,1
Portuguese,1987,1
Portuguese,1988,1
Portuguese,1989,1
Portuguese,1990,1
Portuguese,1991,2
Portuguese,1992,2
Portuguese,1993,3
Portuguese,1994,3
Portuguese,1995,3
Portuguese,1996,3
Portuguese,1997,3
Portuguese,1998,3
Portuguese,1999,3
Portuguese,2000,3
Portuguese,2001,3
Portuguese,2002,3
Portuguese,2003,3
Portuguese,2004,3
Portuguese,2005,4
Portuguese,2006,4
Portuguese,2007,4
Portuguese,2008,4
Portuguese,2009,4
Portuguese,2010,4
Portuguese,2011,4
Portuguese,2012,4
Portuguese,2013,4
Portuguese,2014,4
Portuguese,2015,4
Portuguese,2016,4
Portuguese,2017,4
Portuguese,2018,4
Portuguese,2019,4
Portuguese,2020,4
Portuguese,2021,4
Portuguese,2022,4
Rhodesian,1950,0
Rhodesian,1951,0
Rhodesian,1952,0
Rhodesian,1953,0
Rhodesian,1954,0
Rhodesian,1955,0
Rhodesian,1956,0
Rhodesian,1957,0
Rhodesian,1958,0
Rhodesian,1959,0
Rhodesian,1960,0
Rhodesian,1961,0
Rhodesian,1962,3
Rhodesian,1963,3
Rhodesian,1964,3
Rhodesian,1965,4
Rhodesian,1966,4
Rhodesian,1967,4
Rhodesian,1968,4
Rhodesian,1969,4
Rhodesian,1970,4
Rhodesian,1971,4
Rhodesian,1972,4
Rhodesian,1973,4
Rhodesian,1974,4
Rhodesian,1975,4
Rhodesian,1976,4
Rhodesian,1977,4
Rhodesian,1978,4
Rhodesian,1979,4
Rhodesian,1980,4
Rhodesian,1981,4
Rhodesian,1982,4
Rhodesian,1983,4
Rhodesian,1984,4
Rhodesian,1985,4
Rhodesian,1986,4
Rhodesian,1987,4
Rhodesian,1988,4
Rhodesian,1989,4
Rhodesian,1990,4
Rhodesian,1991,4
Rhodesian,1992,4
Rhodesian,1993,4
Rhodesian,1994,4
Rhodesian,1995,4
Rhodesian,1996,4
Rhodesian,1997,4
Rhodesian,1998,4
Rhodesian,1999,4
Rhodesian,2000,4
Rhodesian,2001,4
Rhodesian,2002,4
Rhodesian,2003,4
Rhodesian,2004,4
Rhodesian,2005,4
Rhodesian,2006,4
Rhodesian,2007,4
Rhodesian,2008,4
Rhodesian,2009,4
Rhodesian,2010,4
Rhodesian,2011,4
Rhodesian,2012,4
Rhodesian,2013,4
Rhodesian,2014,4
Rhodesian,2015,4
Rhodesian,2016,4
Rhodesian,2017,4
Rhodesian,2018,4
Rhodesian,2019,4
Rhodesian,2020,4
Rhodesian,2021,4
Rhodesian,2022,4
Russian,1950,0
Russian,1951,0
Russian,1952,0
Russian,1953,0
Russian,1954,0
Russian,1955,0
Russian,1956,0
Russian,1957,0
Russian,1958,0
Russian,1959,0
Russian,1960,0
Russian,1961,0
Russian,1962,0
Russian,1963,0
Russian,1964,0
Russian,1965,0
Russian,1966,0
Russian,1967,0
Russian,1968,0
Russian,1969,0
Russian,1970,0
Russian,1971,0
Russian,1972,0
Russian,1973,0
Russian,1974,0
Russian,1975,0
Russian,1976,0
Russian,1977,0
Russian,1978,0
Russian,1979,0
Russian,1980,0
Russian,1981,0
Russian,1982,0
Russian,1983,0
Russian,1984,0
Russian,1985,0
Russian,1986,0
Russian,1987,0
Russian,1988,0
Russian,1989,0
Russian,1990,0
Russian,1991,0
Russian,1992,0
Russian,1993,0
Russian,1994,0
Russian,1995,0
Russian,1996,0
Russian,1997,0
Russian,1998,0
Russian,1999,0
Russian,2000,0
Russian,2001,0
Russian,2002,0
Russian,2003,0
Russian,2004,0
Russian,2005,0
Russian,2006,0
Russian,2007,0
Russian,2008,0
Russian,2009,0
Russian,2010,1
Russian,2011,1
Russian,2012,1
Russian,2013,1
Russian,2014,2
Russian,2015,2
Russian,2016,2
Russian,2017,2
Russian,2018,3
Russian,2019,3
Russian,2020,3
Russian,2021,4
Russian,2022,4
South African,1950,0
South African,1951,0
South African,1952,0
South African,1953,0
South African,1954,0
South African,1955,0
South African,1956,0
South African,1957,0
South African,1958,0
South African,1959,0
South African,1960,0
South African,1961,1
South African,1962,7
South African,1963,11
South African,1964,11
South African,1965,16
South African,1966,16
South African,1967,17
South African,1968,18
South African,1969,18
South African,1970,18
South African,1971,18
South African,1972,19
South African,1973,20
South African,1974,21
South African,1975,22
South African,1976,22
South African,1977,22
South African,1978,22
South African,1979,22
South African,1980,23
South African,1981,23
South African,1982,23
South African,1983,23
South African,1984,23
South African,1985,23
South African,1986,23
South African,1987,23
South African,1988,23
South African,1989,23
South African,1990,23
South African,1991,23
South African,1992,23
South African,1993,23
South African,1994,23
South African,1995,23
South African,1996,23
South African,1997,23
South African,1998,23
South African,1999,23
South African,2000,23
South African,2001,23
South African,2002,23
South African,2003,23
South African,2004,23
South African,2005,23
South African,2006,23
South African,2007,23
South African,2008,23
South African,2009,23
South African,2010,23
South African,2011,23
South African,2012,23
South African,2013,23
South African,2014,23
South African,2015,23
South African,2016,23
South African,2017,23
South African,2018,23
South African,2019,23
South African,2020,23
South African,2021,23
South African,2022,23
Spanish,1950,0
Spanish,1951,2
Spanish,1952,2
Spanish,1953,2
Spanish,1954,2
Spanish,1955,2
Spanish,1956,3
Spanish,1957,3
Spanish,1958,3
Spanish,1959,3
Spanish,1960,4
Spanish,1961,4
Spanish,1962,4
Spanish,1963,4
Spanish,1964,4
Spanish,1965,4
Spanish,1966,4
Spanish,1967,4
Spanish,1968,4
Spanish,1969,4
Spanish,1970,5
Spanish,1971,5
Spanish,1972,5
Spanish,1973,5
Spanish,1974,5
Spanish,1975,5
Spanish,1976,7
Spanish,1977,7
Spanish,1978,7
Spanish,1979,7
Spanish,1980,7
Spanish,1981,7
Spanish,1982,7
Spanish,1983,7
Spanish,1984,7
Spanish,1985,7
Spanish,1986,7
Spanish,1987,8
Spanish,1988,9
Spanish,1989,9
Spanish,1990,9
Spanish,1991,9
Spanish,1992,9
Spanish,1993,9
Spanish,1994,9
Spanish,1995,9
Spanish,1996,9
Spanish,1997,9
Spanish,1998,9
Spanish,1999,11
Spanish,2000,11
Spanish,2001,12
Spanish,2002,12
Spanish,2003,12
Spanish,2004,12
Spanish,2005,12
Spanish,2006,12
Spanish,2007,12
Spanish,2008,12
Spanish,2009,13
Spanish,2010,13
Spanish,2011,13
Spanish,2012,13
Spanish,2013,13
Spanish,2014,13
Spanish,2015,15
Spanish,2016,15
Spanish,2017,15
Spanish,2018,15
Spanish,2019,15
Spanish,2020,15
Spanish,2021,15
Spanish,2022,15
Swedish,1950,0
Swedish,1951,0
Swedish,1952,0
Swedish,1953,0
Swedish,1954,0
Swedish,1955,0
Swedish,1956,1
Swedish,1957,1
Swedish,1958,1
Swedish,1959,1
Swedish,1960,1
Swedish,1961,1
Swedish,1962,1
Swedish,1963,1
Swedish,1964,1
Swedish,1965,1
Swedish,1966,1
Swedish,1967,1
Swedish,1968,1
Swedish,1969,1
Swedish,1970,3
Swedish,1971,3
Swedish,1972,3
Swedish,1973,3
Swedish,1974,4
Swedish,1975,5
Swedish,1976,7
Swedish,1977,7
Swedish,1978,7
Swedish,1979,7
Swedish,1980,8
Swedish,1981,9
Swedish,1982,9
Swedish,1983,9
Swedish,1984,9
Swedish,1985,9
Swedish,1986,9
Swedish,1987,9
Swedish,1988,9
Swedish,1989,9
Swedish,1990,9
Swedish,1991,9
Swedish,1992,9
Swedish,1993,9
Swedish,1994,9
Swedish,1995,9
Swedish,1996,9
Swedish,1997,9
Swedish,1998,9
Swedish,1999,9
Swedish,2000,9
Swedish,2001,9
Swedish,2002,9
Swedish,2003,9
Swedish,2004,9
Swedish,2005,9
Swedish,2006,9
Swedish,2007,9
Swedish,2008,9
Swedish,2009,9
Swedish,2010,9
Swedish,2011,9
Swedish,2012,9
Swedish,2013,9
Swedish,2014,10
Swedish,2015,10
Swedish,2016,10
Swedish,2017,10
Swedish,2018,10
Swedish,2019,10
Swedish,2020,10
Swedish,2021,10
Swedish,2022,10
Swiss,1950,2
Swiss,1951,4
Swiss,1952,6
Swiss,1953,7
Swiss,1954,8
Swiss,1955,8
Swiss,1956,8
Swiss,1957,8
Swiss,1958,8
Swiss,1959,8
Swiss,1960,8
Swiss,1961,10
Swiss,1962,13
Swiss,1963,13
Swiss,1964,13
Swiss,1965,13
Swiss,1966,13
Swiss,1967,14
Swiss,1968,14
Swiss,1969,14
Swiss,1970,15
Swiss,1971,15
Swiss,1972,15
Swiss,1973,15
Swiss,1974,15
Swiss,1975,16
Swiss,1976,17
Swiss,1977,17
Swiss,1978,17
Swiss,1979,18
Swiss,1980,18
Swiss,1981,18
Swiss,1982,18
Swiss,1983,18
Swiss,1984,18
Swiss,1985,18
Swiss,1986,18
Swiss,1987,19
Swiss,1988,19
Swiss,1989,20
Swiss,1990,20
Swiss,1991,20
Swiss,1992,21
Swiss,1993,21
Swiss,1994,22
Swiss,1995,22
Swiss,1996,22
Swiss,1997,22
Swiss,1998,22
Swiss,1999,22
Swiss,2000,22
Swiss,2001,22
Swiss,2002,22
Swiss,2003,22
Swiss,2004,22
Swiss,2005,22
Swiss,2006,22
Swiss,2007,22
Swiss,2008,22
Swiss,2009,23
Swiss,2010,23
Swiss,2011,23
Swiss,2012,23
Swiss,2013,23
Swiss,2014,23
Swiss,2015,23
Swiss,2016,23
Swiss,2017,23
Swiss,2018,23
Swiss,2019,23
Swiss,2020,23
Swiss,2021,23
Swiss,2022,23
Thai,1950,1
Thai,1951,1
Thai,1952,1
Thai,1953,1
Thai,1954,1
Thai,1955,1
Thai,1956,1
Thai,1957,1
Thai,1958,1
Thai,1959,1
Thai,1960,1
Thai,1961,1
Thai,1962,1
Thai,1963,1
Thai,1964,1
Thai,1965,1
Thai,1966,1
Thai,1967,1
Thai,1968,1
Thai,1969,1
Thai,1970,1
Thai,1971,1
Thai,1972,1
Thai,1973,1
Thai,1974,1
Thai,1975,1
Thai,1976,1
Thai,1977,1
Thai,1978,1
Thai,1979,1
Thai,1980,1
Thai,1981,1
Thai,1982,1
Thai,1983,1
Thai,1984,1
Thai,1985,1
Thai,1986,1
Thai,1987,1
Thai,1988,1
Thai,1989,1
Thai,1990,1
Thai,1991,1
Thai,1992,1
Thai,1993,1
Thai,1994,1
Thai,1995,1
Thai,1996,1
Thai,1997,1
Thai,1998,1
Thai,1999,1
Thai,2000,1
Thai,2001,1
Thai,2002,1
Thai,2003,1
Thai,2004,1
Thai,2005,1
Thai,2006,1
Thai,2007,1
Thai,2008,1
Thai,2009,1
Thai,2010,1
Thai,2011,1
Thai,2012,1
Thai,2013,1
Thai,2014,1
Thai,2015,1
Thai,2016,1
Thai,2017,1
Thai,2018,1
Thai,2019,2
Thai,2020,2
Thai,2021,2
Thai,2022,2
Uruguayan,1950,0
Uruguayan,1951,0
Uruguayan,1952,1
Uruguayan,1953,1
Uruguayan,1954,1
Uruguayan,1955,2
Uruguayan,1956,3
Uruguayan,1957,3
Uruguayan,1958,3
Uruguayan,1959,4
Uruguayan,1960,4
Uruguayan,1961,4
Uruguayan,1962,4
Uruguayan,1963,4
Uruguayan,1964,4
Uruguayan,1965,4
Uruguayan,1966,4
Uruguayan,1967,4
Uruguayan,1968,4
Uruguayan,1969,4
Uruguayan,1970,4
Uruguayan,1971,4
Uruguayan,1972,4
Uruguayan,1973,4
Uruguayan,1974,4
Uruguayan,1975,4
Uruguayan,1976,4
Uruguayan,1977,4
Uruguayan,1978,4
Uruguayan,1979,4
Uruguayan,1980,4
Uruguayan,1981,4
Uruguayan,1982,4
Uruguayan,1983,4
Uruguayan,1984,4
Uruguayan,1985,4
Uruguayan,1986,4
Uruguayan,1987,4
Uruguayan,1988,4
Uruguayan,1989,4
Uruguayan,1990,4
Uruguayan,1991,4
Uruguayan,1992,4
Uruguayan,1993,4
Uruguayan,1994,4
Uruguayan,1995,4
Uruguayan,1996,4
Uruguayan,1997,4
Uruguayan,1998,4
Uruguayan,1999,4
Uruguayan,2000,4
Uruguayan,2001,4
Uruguayan,2002,4
Uruguayan,2003,4
Uruguayan,2004,4
Uruguayan,2005,4
Uruguayan,2006,4
Uruguayan,2007,4
Uruguayan,2008,4
Uruguayan,2009,4
Uruguayan,2010,4
Uruguayan,2011,4
Uruguayan,2012,4
Uruguayan,2013,4
Uruguayan,2014,4
Uruguayan,2015,4
Uruguayan,2016,4
Uruguayan,2017,4
Uruguayan,2018,4
Uruguayan,2019,4
Uruguayan,2020,4
Uruguayan,2021,4
Uruguayan,2022,4
Venezuelan,1950,0
Venezuelan,1951,0
Venezuelan,1952,0
Venezuelan,1953,0
Venezuelan,1954,0
Venezuelan,1955,0
Venezuelan,1956,0
Venezuelan,1957,0
Venezuelan,1958,0
Venezuelan,1959,0
Venezuelan,1960,1
Venezuelan,1961,1
Venezuelan,1962,1
Venezuelan,1963,1
Venezuelan,1964,1
Venezuelan,1965,1
Venezuelan,1966,1
Venezuelan,1967,1
Venezuelan,1968,1
Venezuelan,1969,1
Venezuelan,1970,1
Venezuelan,1971,1
Venezuelan,1972,1
Venezuelan,1973,1
Venezuelan,1974,1
Venezuelan,1975,1
Venezuelan,1976,1
Venezuelan,1977,1
Venezuelan,1978,1
Venezuelan,1979,1
Venezuelan,1980,1
Venezuelan,1981,1
Venezuelan,1982,1
Venezuelan,1983,2
Venezuelan,1984,2
Venezuelan,1985,2
Venezuelan,1986,2
Venezuelan,1987,2
Venezuelan,1988,2
Venezuelan,1989,2
Venezuelan,1990,2
Venezuelan,1991,2
Venezuelan,1992,2
Venezuelan,1993,2
Venezuelan,1994,2
Venezuelan,1995,2
Venezuelan,1996,2
Venezuelan,1997,2
Venezuelan,1998,2
Venezuelan,1999,2
Venezuelan,2000,2
Venezuelan,2001,2
Venezuelan,2002,2
Venezuelan,2003,2
Venezuelan,2004,2
Venezuelan,2005,2
Venezuelan,2006,2
Venezuelan,2007,2
Venezuelan,2008,2
Venezuelan,2009,2
Venezuelan,2010,2
Venezuelan,2011,3
Venezuelan,2012,3
Venezuelan,2013,3
Venezuelan,2014,3
Venezuelan,2015,3
Venezuelan,2016,3
Venezuelan,2017,3
Venezuelan,2018,3
Venezuelan,2019,3
Venezuelan,2020,3
Venezuelan,2021,3
Venezuelan,2022,3
,,
