Nationalities,Year,Liczba Kierowców,Country
American,1950,35,United States
American,1951,51,United States
American,1952,60,United States
American,1953,69,United States
American,1954,76,United States
American,1955,84,United States
American,1956,89,United States
American,1957,96,United States
American,1958,107,United States
American,1959,118,United States
American,1960,128,United States
American,1961,131,United States
American,1962,134,United States
American,1963,136,United States
American,1964,138,United States
American,1965,139,United States
American,1966,139,United States
American,1967,141,United States
American,1968,143,United States
American,1969,143,United States
American,1970,144,United States
American,1971,147,United States
American,1972,147,United States
American,1973,148,United States
American,1974,148,United States
American,1975,149,United States
American,1976,149,United States
American,1977,150,United States
American,1978,152,United States
American,1979,152,United States
American,1980,153,United States
American,1981,153,United States
American,1982,153,United States
American,1983,154,United States
American,1984,154,United States
American,1985,154,United States
American,1986,154,United States
American,1987,154,United States
American,1988,154,United States
American,1989,154,United States
American,1990,154,United States
American,1991,154,United States
American,1992,154,United States
American,1993,155,United States
American,1994,155,United States
American,1995,155,United States
American,1996,155,United States
American,1997,155,United States
American,1998,155,United States
American,1999,155,United States
American,2000,155,United States
American,2001,155,United States
American,2002,155,United States
American,2003,155,United States
American,2004,155,United States
American,2005,155,United States
American,2006,156,United States
American,2007,156,United States
American,2008,156,United States
American,2009,156,United States
American,2010,156,United States
American,2011,156,United States
American,2012,156,United States
American,2013,156,United States
American,2014,156,United States
American,2015,157,United States
American,2016,157,United States
American,2017,157,United States
American,2018,157,United States
American,2019,157,United States
American,2020,157,United States
American,2021,157,United States
American,2022,157,United States
Argentine,1950,3,Argentina
Argentine,1951,4,Argentina
Argentine,1952,5,Argentina
Argentine,1953,10,Argentina
Argentine,1954,12,Argentina
Argentine,1955,13,Argentina
Argentine,1956,13,Argentina
Argentine,1957,13,Argentina
Argentine,1958,13,Argentina
Argentine,1959,13,Argentina
Argentine,1960,16,Argentina
Argentine,1961,17,Argentina
Argentine,1962,17,Argentina
Argentine,1963,17,Argentina
Argentine,1964,17,Argentina
Argentine,1965,17,Argentina
Argentine,1966,17,Argentina
Argentine,1967,17,Argentina
Argentine,1968,17,Argentina
Argentine,1969,17,Argentina
Argentine,1970,17,Argentina
Argentine,1971,17,Argentina
Argentine,1972,18,Argentina
Argentine,1973,18,Argentina
Argentine,1974,18,Argentina
Argentine,1975,18,Argentina
Argentine,1976,18,Argentina
Argentine,1977,18,Argentina
Argentine,1978,18,Argentina
Argentine,1979,19,Argentina
Argentine,1980,19,Argentina
Argentine,1981,20,Argentina
Argentine,1982,20,Argentina
Argentine,1983,20,Argentina
Argentine,1984,20,Argentina
Argentine,1985,20,Argentina
Argentine,1986,20,Argentina
Argentine,1987,20,Argentina
Argentine,1988,21,Argentina
Argentine,1989,21,Argentina
Argentine,1990,21,Argentina
Argentine,1991,21,Argentina
Argentine,1992,21,Argentina
Argentine,1993,21,Argentina
Argentine,1994,21,Argentina
Argentine,1995,21,Argentina
Argentine,1996,21,Argentina
Argentine,1997,22,Argentina
Argentine,1998,23,Argentina
Argentine,1999,23,Argentina
Argentine,2000,24,Argentina
Argentine,2001,24,Argentina
Argentine,2002,24,Argentina
Argentine,2003,24,Argentina
Argentine,2004,24,Argentina
Argentine,2005,24,Argentina
Argentine,2006,24,Argentina
Argentine,2007,24,Argentina
Argentine,2008,24,Argentina
Argentine,2009,24,Argentina
Argentine,2010,24,Argentina
Argentine,2011,24,Argentina
Argentine,2012,24,Argentina
Argentine,2013,24,Argentina
Argentine,2014,24,Argentina
Argentine,2015,24,Argentina
Argentine,2016,24,Argentina
Argentine,2017,24,Argentina
Argentine,2018,24,Argentina
Argentine,2019,24,Argentina
Argentine,2020,24,Argentina
Argentine,2021,24,Argentina
Argentine,2022,24,Argentina
,,,
,,,
Australian,1952,1,Australia
Australian,1953,1,Australia
Australian,1954,1,Australia
Australian,1955,2,Australia
Australian,1956,2,Australia
Australian,1957,3,Australia
Australian,1958,4,Australia
Australian,1959,4,Australia
Australian,1960,4,Australia
Australian,1961,4,Australia
Australian,1962,4,Australia
Australian,1963,4,Australia
Australian,1964,5,Australia
Australian,1965,6,Australia
Australian,1966,6,Australia
Australian,1967,6,Australia
Australian,1968,6,Australia
Australian,1969,6,Australia
Australian,1970,7,Australia
Australian,1971,8,Australia
Australian,1972,8,Australia
Australian,1973,8,Australia
Australian,1974,10,Australia
Australian,1975,11,Australia
Australian,1976,12,Australia
Australian,1977,13,Australia
Australian,1978,13,Australia
Australian,1979,13,Australia
Australian,1980,13,Australia
Australian,1981,13,Australia
Australian,1982,13,Australia
Australian,1983,13,Australia
Australian,1984,13,Australia
Australian,1985,13,Australia
Australian,1986,13,Australia
Australian,1987,13,Australia
Australian,1988,13,Australia
Australian,1989,13,Australia
Australian,1990,15,Australia
Australian,1991,15,Australia
Australian,1992,15,Australia
Australian,1993,15,Australia
Australian,1994,15,Australia
Australian,1995,15,Australia
Australian,1996,15,Australia
Australian,1997,15,Australia
Australian,1998,15,Australia
Australian,1999,15,Australia
Australian,2000,15,Australia
Australian,2001,15,Australia
Australian,2002,16,Australia
Australian,2003,16,Australia
Australian,2004,16,Australia
Australian,2005,16,Australia
Australian,2006,16,Australia
Australian,2007,16,Australia
Australian,2008,16,Australia
Australian,2009,16,Australia
Australian,2010,16,Australia
Australian,2011,17,Australia
Australian,2012,17,Australia
Australian,2013,17,Australia
Australian,2014,17,Australia
Australian,2015,17,Australia
Australian,2016,17,Australia
Australian,2017,17,Australia
Australian,2018,17,Australia
Australian,2019,17,Australia
Australian,2020,17,Australia
Australian,2021,17,Australia
Australian,2022,17,Australia
,,,
,,,
,,,
,,,
,,,
,,,
,,,
,,,
,,,
,,,
,,,
,,,
,,,
,,,
Austrian,1964,1,Austria
Austrian,1965,1,Austria
Austrian,1966,1,Austria
Austrian,1967,1,Austria
Austrian,1968,1,Austria
Austrian,1969,1,Austria
Austrian,1970,1,Austria
Austrian,1971,3,Austria
Austrian,1972,3,Austria
Austrian,1973,3,Austria
Austrian,1974,5,Austria
Austrian,1975,6,Austria
Austrian,1976,8,Austria
Austrian,1977,8,Austria
Austrian,1978,8,Austria
Austrian,1979,8,Austria
Austrian,1980,8,Austria
Austrian,1981,8,Austria
Austrian,1982,8,Austria
Austrian,1983,8,Austria
Austrian,1984,10,Austria
Austrian,1985,10,Austria
Austrian,1986,10,Austria
Austrian,1987,10,Austria
Austrian,1988,10,Austria
Austrian,1989,10,Austria
Austrian,1990,10,Austria
Austrian,1991,11,Austria
Austrian,1992,11,Austria
Austrian,1993,11,Austria
Austrian,1994,12,Austria
Austrian,1995,12,Austria
Austrian,1996,12,Austria
Austrian,1997,13,Austria
Austrian,1998,13,Austria
Austrian,1999,13,Austria
Austrian,2000,13,Austria
Austrian,2001,13,Austria
Austrian,2002,13,Austria
Austrian,2003,13,Austria
Austrian,2004,14,Austria
Austrian,2005,15,Austria
Austrian,2006,15,Austria
Austrian,2007,15,Austria
Austrian,2008,15,Austria
Austrian,2009,15,Austria
Austrian,2010,15,Austria
Austrian,2011,15,Austria
Austrian,2012,15,Austria
Austrian,2013,15,Austria
Austrian,2014,15,Austria
Austrian,2015,15,Austria
Austrian,2016,15,Austria
Austrian,2017,15,Austria
Austrian,2018,15,Austria
Austrian,2019,15,Austria
Austrian,2020,15,Austria
Austrian,2021,15,Austria
Austrian,2022,15,Austria
Belgian,1950,1,Belgium
Belgian,1951,2,Belgium
Belgian,1952,6,Belgium
Belgian,1953,7,Belgium
Belgian,1954,7,Belgium
Belgian,1955,7,Belgium
Belgian,1956,9,Belgium
Belgian,1957,9,Belgium
Belgian,1958,10,Belgium
Belgian,1959,12,Belgium
Belgian,1960,13,Belgium
Belgian,1961,13,Belgium
Belgian,1962,13,Belgium
Belgian,1963,13,Belgium
Belgian,1964,13,Belgium
Belgian,1965,13,Belgium
Belgian,1966,13,Belgium
Belgian,1967,14,Belgium
Belgian,1968,14,Belgium
Belgian,1969,14,Belgium
Belgian,1970,14,Belgium
Belgian,1971,14,Belgium
Belgian,1972,14,Belgium
Belgian,1973,14,Belgium
Belgian,1974,15,Belgium
Belgian,1975,15,Belgium
Belgian,1976,16,Belgium
Belgian,1977,17,Belgium
Belgian,1978,17,Belgium
Belgian,1979,17,Belgium
Belgian,1980,17,Belgium
Belgian,1981,17,Belgium
Belgian,1982,17,Belgium
Belgian,1983,18,Belgium
Belgian,1984,18,Belgium
Belgian,1985,18,Belgium
Belgian,1986,18,Belgium
Belgian,1987,18,Belgium
Belgian,1988,18,Belgium
Belgian,1989,19,Belgium
Belgian,1990,19,Belgium
Belgian,1991,20,Belgium
Belgian,1992,20,Belgium
Belgian,1993,20,Belgium
Belgian,1994,21,Belgium
Belgian,1995,21,Belgium
Belgian,1996,21,Belgium
Belgian,1997,21,Belgium
Belgian,1998,21,Belgium
Belgian,1999,21,Belgium
Belgian,2000,21,Belgium
Belgian,2001,21,Belgium
Belgian,2002,21,Belgium
Belgian,2003,21,Belgium
Belgian,2004,21,Belgium
Belgian,2005,21,Belgium
Belgian,2006,21,Belgium
Belgian,2007,21,Belgium
Belgian,2008,21,Belgium
Belgian,2009,21,Belgium
Belgian,2010,21,Belgium
Belgian,2011,22,Belgium
Belgian,2012,22,Belgium
Belgian,2013,22,Belgium
Belgian,2014,22,Belgium
Belgian,2015,22,Belgium
Belgian,2016,23,Belgium
Belgian,2017,23,Belgium
Belgian,2018,23,Belgium
Belgian,2019,23,Belgium
Belgian,2020,23,Belgium
Belgian,2021,23,Belgium
Belgian,2022,23,Belgium
,,,
Brazilian,1951,1,Brazil
Brazilian,1952,2,Brazil
Brazilian,1953,2,Brazil
Brazilian,1954,2,Brazil
Brazilian,1955,3,Brazil
Brazilian,1956,3,Brazil
Brazilian,1957,3,Brazil
Brazilian,1958,3,Brazil
Brazilian,1959,4,Brazil
Brazilian,1960,4,Brazil
Brazilian,1961,4,Brazil
Brazilian,1962,4,Brazil
Brazilian,1963,4,Brazil
Brazilian,1964,4,Brazil
Brazilian,1965,4,Brazil
Brazilian,1966,4,Brazil
Brazilian,1967,4,Brazil
Brazilian,1968,4,Brazil
Brazilian,1969,4,Brazil
Brazilian,1970,5,Brazil
Brazilian,1971,5,Brazil
Brazilian,1972,7,Brazil
Brazilian,1973,8,Brazil
Brazilian,1974,8,Brazil
Brazilian,1975,8,Brazil
Brazilian,1976,10,Brazil
Brazilian,1977,10,Brazil
Brazilian,1978,11,Brazil
Brazilian,1979,11,Brazil
Brazilian,1980,11,Brazil
Brazilian,1981,12,Brazil
Brazilian,1982,14,Brazil
Brazilian,1983,14,Brazil
Brazilian,1984,15,Brazil
Brazilian,1985,15,Brazil
Brazilian,1986,15,Brazil
Brazilian,1987,15,Brazil
Brazilian,1988,16,Brazil
Brazilian,1989,16,Brazil
Brazilian,1990,16,Brazil
Brazilian,1991,16,Brazil
Brazilian,1992,17,Brazil
Brazilian,1993,18,Brazil
Brazilian,1994,18,Brazil
Brazilian,1995,19,Brazil
Brazilian,1996,21,Brazil
Brazilian,1997,21,Brazil
Brazilian,1998,21,Brazil
Brazilian,1999,22,Brazil
Brazilian,2000,23,Brazil
Brazilian,2001,24,Brazil
Brazilian,2002,25,Brazil
Brazilian,2003,27,Brazil
Brazilian,2004,27,Brazil
Brazilian,2005,27,Brazil
Brazilian,2006,27,Brazil
Brazilian,2007,27,Brazil
Brazilian,2008,28,Brazil
Brazilian,2009,28,Brazil
Brazilian,2010,30,Brazil
Brazilian,2011,30,Brazil
Brazilian,2012,30,Brazil
Brazilian,2013,30,Brazil
Brazilian,2014,30,Brazil
Brazilian,2015,31,Brazil
Brazilian,2016,31,Brazil
Brazilian,2017,31,Brazil
Brazilian,2018,31,Brazil
Brazilian,2019,31,Brazil
Brazilian,2020,32,Brazil
Brazilian,2021,32,Brazil
Brazilian,2022,32,Brazil
British,1950,12,Great Britain
British,1951,18,Great Britain
British,1952,33,Great Britain
British,1953,38,Great Britain
British,1954,45,Great Britain
British,1955,46,Great Britain
British,1956,53,Great Britain
British,1957,59,Great Britain
British,1958,65,Great Britain
British,1959,78,Great Britain
British,1960,82,Great Britain
British,1961,87,Great Britain
British,1962,89,Great Britain
British,1963,94,Great Britain
British,1964,96,Great Britain
British,1965,100,Great Britain
British,1966,102,Great Britain
British,1967,108,Great Britain
British,1968,112,Great Britain
British,1969,113,Great Britain
British,1970,115,Great Britain
British,1971,117,Great Britain
British,1972,117,Great Britain
British,1973,121,Great Britain
British,1974,126,Great Britain
British,1975,133,Great Britain
British,1976,134,Great Britain
British,1977,136,Great Britain
British,1978,137,Great Britain
British,1979,137,Great Britain
British,1980,140,Great Britain
British,1981,141,Great Britain
British,1982,141,Great Britain
British,1983,143,Great Britain
British,1984,144,Great Britain
British,1985,144,Great Britain
British,1986,145,Great Britain
British,1987,145,Great Britain
British,1988,146,Great Britain
British,1989,148,Great Britain
British,1990,148,Great Britain
British,1991,149,Great Britain
British,1992,151,Great Britain
British,1993,152,Great Britain
British,1994,153,Great Britain
British,1995,153,Great Britain
British,1996,153,Great Britain
British,1997,153,Great Britain
British,1998,153,Great Britain
British,1999,153,Great Britain
British,2000,154,Great Britain
British,2001,154,Great Britain
British,2002,156,Great Britain
British,2003,157,Great Britain
British,2004,157,Great Britain
British,2005,157,Great Britain
British,2006,157,Great Britain
British,2007,158,Great Britain
British,2008,158,Great Britain
British,2009,158,Great Britain
British,2010,158,Great Britain
British,2011,159,Great Britain
British,2012,159,Great Britain
British,2013,160,Great Britain
British,2014,161,Great Britain
British,2015,161,Great Britain
British,2016,162,Great Britain
British,2017,162,Great Britain
British,2018,162,Great Britain
British,2019,164,Great Britain
British,2020,165,Great Britain
British,2021,165,Great Britain
British,2022,165,Great Britain
,,,
,,,
,,,
,,,
,,,
,,,
,,,
,,,
,,,
,,,
,,,
Canadian,1961,1,Canada
Canadian,1962,1,Canada
Canadian,1963,2,Canada
Canadian,1964,2,Canada
Canadian,1965,2,Canada
Canadian,1966,2,Canada
Canadian,1967,4,Canada
Canadian,1968,5,Canada
Canadian,1969,7,Canada
Canadian,1970,7,Canada
Canadian,1971,8,Canada
Canadian,1972,8,Canada
Canadian,1973,8,Canada
Canadian,1974,8,Canada
Canadian,1975,8,Canada
Canadian,1976,8,Canada
Canadian,1977,9,Canada
Canadian,1978,9,Canada
Canadian,1979,9,Canada
Canadian,1980,9,Canada
Canadian,1981,10,Canada
Canadian,1982,10,Canada
Canadian,1983,10,Canada
Canadian,1984,10,Canada
Canadian,1985,10,Canada
Canadian,1986,11,Canada
Canadian,1987,11,Canada
Canadian,1988,11,Canada
Canadian,1989,11,Canada
Canadian,1990,11,Canada
Canadian,1991,11,Canada
Canadian,1992,11,Canada
Canadian,1993,11,Canada
Canadian,1994,11,Canada
Canadian,1995,11,Canada
Canadian,1996,12,Canada
Canadian,1997,12,Canada
Canadian,1998,12,Canada
Canadian,1999,12,Canada
Canadian,2000,12,Canada
Canadian,2001,12,Canada
Canadian,2002,12,Canada
Canadian,2003,12,Canada
Canadian,2004,12,Canada
Canadian,2005,12,Canada
Canadian,2006,12,Canada
Canadian,2007,12,Canada
Canadian,2008,12,Canada
Canadian,2009,12,Canada
Canadian,2010,12,Canada
Canadian,2011,12,Canada
Canadian,2012,12,Canada
Canadian,2013,12,Canada
Canadian,2014,12,Canada
Canadian,2015,12,Canada
Canadian,2016,12,Canada
Canadian,2017,13,Canada
Canadian,2018,13,Canada
Canadian,2019,13,Canada
Canadian,2020,14,Canada
Canadian,2021,14,Canada
Canadian,2022,14,Canada
,,,
,,,
,,,
,,,
,,,
,,,
,,,
,,,
,,,
,,,
,,,
,,,
,,,
,,,
,,,
,,,
,,,
,,,
,,,
,,,
,,,
,,,
,,,
,,,
,,,
,,,
,,,
,,,
,,,
,,,
,,,
Chilean,1981,1,Chile
Chilean,1982,1,Chile
Chilean,1983,1,Chile
Chilean,1984,1,Chile
Chilean,1985,1,Chile
Chilean,1986,1,Chile
Chilean,1987,1,Chile
Chilean,1988,1,Chile
Chilean,1989,1,Chile
Chilean,1990,1,Chile
Chilean,1991,1,Chile
Chilean,1992,1,Chile
Chilean,1993,1,Chile
Chilean,1994,1,Chile
Chilean,1995,1,Chile
Chilean,1996,1,Chile
Chilean,1997,1,Chile
Chilean,1998,1,Chile
Chilean,1999,1,Chile
Chilean,2000,1,Chile
Chilean,2001,1,Chile
Chilean,2002,1,Chile
Chilean,2003,1,Chile
Chilean,2004,1,Chile
Chilean,2005,1,Chile
Chilean,2006,1,Chile
Chilean,2007,1,Chile
Chilean,2008,1,Chile
Chilean,2009,1,Chile
Chilean,2010,1,Chile
Chilean,2011,1,Chile
Chilean,2012,1,Chile
Chilean,2013,1,Chile
Chilean,2014,1,Chile
Chilean,2015,1,Chile
Chilean,2016,1,Chile
Chilean,2017,1,Chile
Chilean,2018,1,Chile
Chilean,2019,1,Chile
Chilean,2020,1,Chile
Chilean,2021,1,Chile
Chilean,2022,1,Chile
,,,
,,,
,,,
,,,
,,,
,,,
,,,
,,,
,,,
,,,
,,,
,,,
,,,
,,,
,,,
,,,
,,,
,,,
,,,
,,,
,,,
,,,
,,,
,,,
,,,
,,,
,,,
,,,
,,,
,,,
,,,
,,,
,,,
,,,
,,,
,,,
,,,
,,,
,,,
,,,
,,,
,,,
,,,
,,,
,,,
,,,
,,,
,,,
,,,
,,,
,,,
,,,
,,,
,,,
,,,
,,,
,,,
,,,
,,,
,,,
,,,
,,,
,,,
,,,
,,,
,,,
,,,
,,,
,,,
,,,
,,,
,,,
Chinese,2022,1,China
,,,
,,,
,,,
,,,
,,,
,,,
,,,
,,,
,,,
,,,
,,,
,,,
,,,
,,,
,,,
,,,
,,,
,,,
,,,
,,,
,,,
,,,
,,,
,,,
,,,
,,,
,,,
,,,
,,,
,,,
,,,
Colombian,1981,1,Colombia
Colombian,1982,2,Colombia
Colombian,1983,2,Colombia
Colombian,1984,2,Colombia
Colombian,1985,2,Colombia
Colombian,1986,2,Colombia
Colombian,1987,2,Colombia
Colombian,1988,2,Colombia
Colombian,1989,2,Colombia
Colombian,1990,2,Colombia
Colombian,1991,2,Colombia
Colombian,1992,2,Colombia
Colombian,1993,2,Colombia
Colombian,1994,2,Colombia
Colombian,1995,2,Colombia
Colombian,1996,2,Colombia
Colombian,1997,2,Colombia
Colombian,1998,2,Colombia
Colombian,1999,2,Colombia
Colombian,2000,2,Colombia
Colombian,2001,3,Colombia
Colombian,2002,3,Colombia
Colombian,2003,3,Colombia
Colombian,2004,3,Colombia
Colombian,2005,3,Colombia
Colombian,2006,3,Colombia
Colombian,2007,3,Colombia
Colombian,2008,3,Colombia
Colombian,2009,3,Colombia
Colombian,2010,3,Colombia
Colombian,2011,3,Colombia
Colombian,2012,3,Colombia
Colombian,2013,3,Colombia
Colombian,2014,3,Colombia
Colombian,2015,3,Colombia
Colombian,2016,3,Colombia
Colombian,2017,3,Colombia
Colombian,2018,3,Colombia
Colombian,2019,3,Colombia
Colombian,2020,3,Colombia
Colombian,2021,3,Colombia
Colombian,2022,3,Colombia
,,,
,,,
,,,
,,,
,,,
,,,
,,,
,,,
,,,
,,,
,,,
,,,
,,,
,,,
,,,
,,,
,,,
,,,
,,,
,,,
,,,
,,,
,,,
,,,
,,,
,,,
,,,
,,,
,,,
,,,
,,,
,,,
,,,
,,,
,,,
,,,
,,,
,,,
,,,
,,,
,,,
,,,
,,,
,,,
,,,
,,,
,,,
,,,
,,,
,,,
,,,
Czech,2001,1,Czech Republic
Czech,2002,1,Czech Republic
Czech,2003,1,Czech Republic
Czech,2004,1,Czech Republic
Czech,2005,1,Czech Republic
Czech,2006,1,Czech Republic
Czech,2007,1,Czech Republic
Czech,2008,1,Czech Republic
Czech,2009,1,Czech Republic
Czech,2010,1,Czech Republic
Czech,2011,1,Czech Republic
Czech,2012,1,Czech Republic
Czech,2013,1,Czech Republic
Czech,2014,1,Czech Republic
Czech,2015,1,Czech Republic
Czech,2016,1,Czech Republic
Czech,2017,1,Czech Republic
Czech,2018,1,Czech Republic
Czech,2019,1,Czech Republic
Czech,2020,1,Czech Republic
Czech,2021,1,Czech Republic
Czech,2022,1,Czech Republic
,,,
,,,
,,,
,,,
,,,
,,,
,,,
,,,
,,,
,,,
,,,
,,,
,,,
,,,
,,,
,,,
,,,
,,,
,,,
,,,
,,,
,,,
,,,
,,,
Danish,1974,1,Denmark
Danish,1975,1,Denmark
Danish,1976,2,Denmark
Danish,1977,2,Denmark
Danish,1978,2,Denmark
Danish,1979,2,Denmark
Danish,1980,2,Denmark
Danish,1981,2,Denmark
Danish,1982,2,Denmark
Danish,1983,2,Denmark
Danish,1984,2,Denmark
Danish,1985,2,Denmark
Danish,1986,2,Denmark
Danish,1987,2,Denmark
Danish,1988,2,Denmark
Danish,1989,2,Denmark
Danish,1990,2,Denmark
Danish,1991,2,Denmark
Danish,1992,2,Denmark
Danish,1993,2,Denmark
Danish,1994,2,Denmark
Danish,1995,3,Denmark
Danish,1996,3,Denmark
Danish,1997,3,Denmark
Danish,1998,3,Denmark
Danish,1999,3,Denmark
Danish,2000,3,Denmark
Danish,2001,3,Denmark
Danish,2002,3,Denmark
Danish,2003,4,Denmark
Danish,2004,4,Denmark
Danish,2005,4,Denmark
Danish,2006,4,Denmark
Danish,2007,4,Denmark
Danish,2008,4,Denmark
Danish,2009,4,Denmark
Danish,2010,4,Denmark
Danish,2011,4,Denmark
Danish,2012,4,Denmark
Danish,2013,4,Denmark
Danish,2014,5,Denmark
Danish,2015,5,Denmark
Danish,2016,5,Denmark
Danish,2017,5,Denmark
Danish,2018,5,Denmark
Danish,2019,5,Denmark
Danish,2020,5,Denmark
Danish,2021,5,Denmark
Danish,2022,5,Denmark
,,,
,,,
Dutch,1952,2,Netherlands
Dutch,1953,2,Netherlands
Dutch,1954,2,Netherlands
Dutch,1955,2,Netherlands
Dutch,1956,2,Netherlands
Dutch,1957,3,Netherlands
Dutch,1958,3,Netherlands
Dutch,1959,3,Netherlands
Dutch,1960,3,Netherlands
Dutch,1961,3,Netherlands
Dutch,1962,5,Netherlands
Dutch,1963,6,Netherlands
Dutch,1964,6,Netherlands
Dutch,1965,6,Netherlands
Dutch,1966,6,Netherlands
Dutch,1967,6,Netherlands
Dutch,1968,6,Netherlands
Dutch,1969,6,Netherlands
Dutch,1970,6,Netherlands
Dutch,1971,7,Netherlands
Dutch,1972,7,Netherlands
Dutch,1973,7,Netherlands
Dutch,1974,7,Netherlands
Dutch,1975,8,Netherlands
Dutch,1976,9,Netherlands
Dutch,1977,10,Netherlands
Dutch,1978,10,Netherlands
Dutch,1979,11,Netherlands
Dutch,1980,11,Netherlands
Dutch,1981,11,Netherlands
Dutch,1982,11,Netherlands
Dutch,1983,11,Netherlands
Dutch,1984,12,Netherlands
Dutch,1985,12,Netherlands
Dutch,1986,12,Netherlands
Dutch,1987,12,Netherlands
Dutch,1988,12,Netherlands
Dutch,1989,12,Netherlands
Dutch,1990,12,Netherlands
Dutch,1991,12,Netherlands
Dutch,1992,12,Netherlands
Dutch,1993,12,Netherlands
Dutch,1994,13,Netherlands
Dutch,1995,13,Netherlands
Dutch,1996,13,Netherlands
Dutch,1997,13,Netherlands
Dutch,1998,13,Netherlands
Dutch,1999,13,Netherlands
Dutch,2000,13,Netherlands
Dutch,2001,13,Netherlands
Dutch,2002,13,Netherlands
Dutch,2003,13,Netherlands
Dutch,2004,13,Netherlands
Dutch,2005,15,Netherlands
Dutch,2006,15,Netherlands
Dutch,2007,15,Netherlands
Dutch,2008,15,Netherlands
Dutch,2009,15,Netherlands
Dutch,2010,15,Netherlands
Dutch,2011,15,Netherlands
Dutch,2012,15,Netherlands
Dutch,2013,16,Netherlands
Dutch,2014,16,Netherlands
Dutch,2015,17,Netherlands
Dutch,2016,17,Netherlands
Dutch,2017,17,Netherlands
Dutch,2018,17,Netherlands
Dutch,2019,17,Netherlands
Dutch,2020,17,Netherlands
Dutch,2021,17,Netherlands
Dutch,2022,17,Netherlands
,,,
,,,
,,,
,,,
,,,
,,,
,,,
,,,
,,,
,,,
,,,
,,,
,,,
,,,
,,,
,,,
,,,
,,,
,,,
,,,
,,,
,,,
,,,
,,,
Finnish,1974,1,Finland
Finnish,1975,1,Finland
Finnish,1976,1,Finland
Finnish,1977,2,Finland
Finnish,1978,3,Finland
Finnish,1979,3,Finland
Finnish,1980,3,Finland
Finnish,1981,3,Finland
Finnish,1982,3,Finland
Finnish,1983,3,Finland
Finnish,1984,3,Finland
Finnish,1985,3,Finland
Finnish,1986,3,Finland
Finnish,1987,3,Finland
Finnish,1988,3,Finland
Finnish,1989,4,Finland
Finnish,1990,4,Finland
Finnish,1991,5,Finland
Finnish,1992,5,Finland
Finnish,1993,5,Finland
Finnish,1994,6,Finland
Finnish,1995,6,Finland
Finnish,1996,6,Finland
Finnish,1997,6,Finland
Finnish,1998,6,Finland
Finnish,1999,6,Finland
Finnish,2000,6,Finland
Finnish,2001,7,Finland
Finnish,2002,7,Finland
Finnish,2003,7,Finland
Finnish,2004,7,Finland
Finnish,2005,7,Finland
Finnish,2006,7,Finland
Finnish,2007,8,Finland
Finnish,2008,8,Finland
Finnish,2009,8,Finland
Finnish,2010,8,Finland
Finnish,2011,8,Finland
Finnish,2012,8,Finland
Finnish,2013,9,Finland
Finnish,2014,9,Finland
Finnish,2015,9,Finland
Finnish,2016,9,Finland
Finnish,2017,9,Finland
Finnish,2018,9,Finland
Finnish,2019,9,Finland
Finnish,2020,9,Finland
Finnish,2021,9,Finland
Finnish,2022,9,Finland
French,1950,12,France
French,1951,15,France
French,1952,18,France
French,1953,18,France
French,1954,20,France
French,1955,22,France
French,1956,22,France
French,1957,22,France
French,1958,25,France
French,1959,26,France
French,1960,26,France
French,1961,27,France
French,1962,27,France
French,1963,27,France
French,1964,27,France
French,1965,27,France
French,1966,28,France
French,1967,31,France
French,1968,32,France
French,1969,32,France
French,1970,33,France
French,1971,36,France
French,1972,38,France
French,1973,38,France
French,1974,42,France
French,1975,43,France
French,1976,43,France
French,1977,44,France
French,1978,46,France
French,1979,47,France
French,1980,48,France
French,1981,48,France
French,1982,48,France
French,1983,49,France
French,1984,52,France
French,1985,52,France
French,1986,52,France
French,1987,54,France
French,1988,55,France
French,1989,58,France
French,1990,58,France
French,1991,59,France
French,1992,60,France
French,1993,61,France
French,1994,63,France
French,1995,64,France
French,1996,64,France
French,1997,64,France
French,1998,64,France
French,1999,65,France
French,2000,65,France
French,2001,65,France
French,2002,65,France
French,2003,65,France
French,2004,65,France
French,2005,65,France
French,2006,66,France
French,2007,66,France
French,2008,67,France
French,2009,68,France
French,2010,68,France
French,2011,68,France
French,2012,70,France
French,2013,71,France
French,2014,71,France
French,2015,71,France
French,2016,72,France
French,2017,73,France
French,2018,73,France
French,2019,73,France
French,2020,73,France
French,2021,73,France
French,2022,73,France
German,1950,1,Germany
German,1951,1,Germany
German,1952,11,Germany
German,1953,19,Germany
German,1954,20,Germany
German,1955,20,Germany
German,1956,21,Germany
German,1957,21,Germany
German,1958,21,Germany
German,1959,21,Germany
German,1960,21,Germany
German,1961,21,Germany
German,1962,23,Germany
German,1963,24,Germany
German,1964,24,Germany
German,1965,24,Germany
German,1966,24,Germany
German,1967,26,Germany
German,1968,26,Germany
German,1969,26,Germany
German,1970,27,Germany
German,1971,27,Germany
German,1972,27,Germany
German,1973,28,Germany
German,1974,29,Germany
German,1975,29,Germany
German,1976,29,Germany
German,1977,30,Germany
German,1978,30,Germany
German,1979,30,Germany
German,1980,31,Germany
German,1981,31,Germany
German,1982,31,Germany
German,1983,31,Germany
German,1984,32,Germany
German,1985,33,Germany
German,1986,33,Germany
German,1987,33,Germany
German,1988,34,Germany
German,1989,36,Germany
German,1990,36,Germany
German,1991,38,Germany
German,1992,38,Germany
German,1993,38,Germany
German,1994,39,Germany
German,1995,39,Germany
German,1996,39,Germany
German,1997,40,Germany
German,1998,40,Germany
German,1999,40,Germany
German,2000,41,Germany
German,2001,41,Germany
German,2002,41,Germany
German,2003,41,Germany
German,2004,42,Germany
German,2005,42,Germany
German,2006,43,Germany
German,2007,46,Germany
German,2008,46,Germany
German,2009,46,Germany
German,2010,47,Germany
German,2011,47,Germany
German,2012,47,Germany
German,2013,47,Germany
German,2014,48,Germany
German,2015,48,Germany
German,2016,49,Germany
German,2017,49,Germany
German,2018,49,Germany
German,2019,49,Germany
German,2020,49,Germany
German,2021,50,Germany
German,2022,50,Germany
,,,
,,,
,,,
,,,
,,,
,,,
,,,
,,,
,,,
,,,
,,,
,,,
,,,
,,,
,,,
,,,
,,,
,,,
,,,
,,,
,,,
,,,
,,,
,,,
,,,
,,,
,,,
,,,
,,,
,,,
,,,
,,,
,,,
,,,
,,,
,,,
,,,
,,,
,,,
,,,
,,,
,,,
,,,
,,,
,,,
,,,
,,,
,,,
,,,
,,,
,,,
,,,
,,,
Hungarian,2003,1,Hungary
Hungarian,2004,1,Hungary
Hungarian,2005,1,Hungary
Hungarian,2006,1,Hungary
Hungarian,2007,1,Hungary
Hungarian,2008,1,Hungary
Hungarian,2009,1,Hungary
Hungarian,2010,1,Hungary
Hungarian,2011,1,Hungary
Hungarian,2012,1,Hungary
Hungarian,2013,1,Hungary
Hungarian,2014,1,Hungary
Hungarian,2015,1,Hungary
Hungarian,2016,1,Hungary
Hungarian,2017,1,Hungary
Hungarian,2018,1,Hungary
Hungarian,2019,1,Hungary
Hungarian,2020,1,Hungary
Hungarian,2021,1,Hungary
Hungarian,2022,1,Hungary
,,,
,,,
,,,
,,,
,,,
,,,
,,,
,,,
,,,
,,,
,,,
,,,
,,,
,,,
,,,
,,,
,,,
,,,
,,,
,,,
,,,
,,,
,,,
,,,
,,,
,,,
,,,
,,,
,,,
,,,
,,,
,,,
,,,
,,,
,,,
,,,
,,,
,,,
,,,
,,,
,,,
,,,
,,,
,,,
,,,
,,,
,,,
,,,
,,,
,,,
,,,
,,,
,,,
,,,
,,,
Indian,2005,1,India
Indian,2006,1,India
Indian,2007,1,India
Indian,2008,1,India
Indian,2009,1,India
Indian,2010,2,India
Indian,2011,2,India
Indian,2012,2,India
Indian,2013,2,India
Indian,2014,2,India
Indian,2015,2,India
Indian,2016,2,India
Indian,2017,2,India
Indian,2018,2,India
Indian,2019,2,India
Indian,2020,2,India
Indian,2021,2,India
Indian,2022,2,India
,,,
,,,
,,,
,,,
,,,
,,,
,,,
,,,
,,,
,,,
,,,
,,,
,,,
,,,
,,,
,,,
,,,
,,,
,,,
,,,
,,,
,,,
,,,
,,,
,,,
,,,
,,,
,,,
,,,
,,,
,,,
,,,
,,,
,,,
,,,
,,,
,,,
,,,
,,,
,,,
,,,
,,,
,,,
,,,
,,,
,,,
,,,
,,,
,,,
,,,
,,,
,,,
,,,
,,,
,,,
,,,
,,,
,,,
,,,
,,,
,,,
,,,
,,,
,,,
,,,
,,,
Indonesian,2016,1,Indonesia
Indonesian,2017,1,Indonesia
Indonesian,2018,1,Indonesia
Indonesian,2019,1,Indonesia
Indonesian,2020,1,Indonesia
Indonesian,2021,1,Indonesia
Indonesian,2022,1,Indonesia
Irish,1950,1,Ireland
Irish,1951,1,Ireland
Irish,1952,1,Ireland
Irish,1953,1,Ireland
Irish,1954,1,Ireland
Irish,1955,1,Ireland
Irish,1956,1,Ireland
Irish,1957,1,Ireland
Irish,1958,1,Ireland
Irish,1959,1,Ireland
Irish,1960,1,Ireland
Irish,1961,1,Ireland
Irish,1962,1,Ireland
Irish,1963,1,Ireland
Irish,1964,1,Ireland
Irish,1965,1,Ireland
Irish,1966,1,Ireland
Irish,1967,1,Ireland
Irish,1968,1,Ireland
Irish,1969,1,Ireland
Irish,1970,1,Ireland
Irish,1971,1,Ireland
Irish,1972,1,Ireland
Irish,1973,1,Ireland
Irish,1974,1,Ireland
Irish,1975,1,Ireland
Irish,1976,1,Ireland
Irish,1977,1,Ireland
Irish,1978,2,Ireland
Irish,1979,2,Ireland
Irish,1980,3,Ireland
Irish,1981,3,Ireland
Irish,1982,4,Ireland
Irish,1983,4,Ireland
Irish,1984,4,Ireland
Irish,1985,4,Ireland
Irish,1986,4,Ireland
Irish,1987,4,Ireland
Irish,1988,4,Ireland
Irish,1989,4,Ireland
Irish,1990,4,Ireland
Irish,1991,4,Ireland
Irish,1992,4,Ireland
Irish,1993,4,Ireland
Irish,1994,4,Ireland
Irish,1995,4,Ireland
Irish,1996,4,Ireland
Irish,1997,4,Ireland
Irish,1998,4,Ireland
Irish,1999,4,Ireland
Irish,2000,4,Ireland
Irish,2001,4,Ireland
Irish,2002,4,Ireland
Irish,2003,5,Ireland
Irish,2004,5,Ireland
Irish,2005,5,Ireland
Irish,2006,5,Ireland
Irish,2007,5,Ireland
Irish,2008,5,Ireland
Irish,2009,5,Ireland
Irish,2010,5,Ireland
Irish,2011,5,Ireland
Irish,2012,5,Ireland
Irish,2013,5,Ireland
Irish,2014,5,Ireland
Irish,2015,5,Ireland
Irish,2016,5,Ireland
Irish,2017,5,Ireland
Irish,2018,5,Ireland
Irish,2019,5,Ireland
Irish,2020,5,Ireland
Irish,2021,5,Ireland
Irish,2022,5,Ireland
Italian,1950,12,Italy
Italian,1951,12,Italy
Italian,1952,14,Italy
Italian,1953,17,Italy
Italian,1954,18,Italy
Italian,1955,21,Italy
Italian,1956,24,Italy
Italian,1957,24,Italy
Italian,1958,27,Italy
Italian,1959,27,Italy
Italian,1960,29,Italy
Italian,1961,39,Italy
Italian,1962,40,Italy
Italian,1963,42,Italy
Italian,1964,43,Italy
Italian,1965,44,Italy
Italian,1966,44,Italy
Italian,1967,44,Italy
Italian,1968,45,Italy
Italian,1969,45,Italy
Italian,1970,47,Italy
Italian,1971,47,Italy
Italian,1972,48,Italy
Italian,1973,48,Italy
Italian,1974,51,Italy
Italian,1975,52,Italy
Italian,1976,53,Italy
Italian,1977,57,Italy
Italian,1978,60,Italy
Italian,1979,62,Italy
Italian,1980,63,Italy
Italian,1981,66,Italy
Italian,1982,69,Italy
Italian,1983,70,Italy
Italian,1984,71,Italy
Italian,1985,72,Italy
Italian,1986,74,Italy
Italian,1987,77,Italy
Italian,1988,77,Italy
Italian,1989,80,Italy
Italian,1990,82,Italy
Italian,1991,84,Italy
Italian,1992,86,Italy
Italian,1993,88,Italy
Italian,1994,90,Italy
Italian,1995,92,Italy
Italian,1996,93,Italy
Italian,1997,95,Italy
Italian,1998,95,Italy
Italian,1999,95,Italy
Italian,2000,95,Italy
Italian,2001,95,Italy
Italian,2002,95,Italy
Italian,2003,95,Italy
Italian,2004,97,Italy
Italian,2005,98,Italy
Italian,2006,98,Italy
Italian,2007,98,Italy
Italian,2008,98,Italy
Italian,2009,98,Italy
Italian,2010,98,Italy
Italian,2011,98,Italy
Italian,2012,98,Italy
Italian,2013,98,Italy
Italian,2014,98,Italy
Italian,2015,98,Italy
Italian,2016,98,Italy
Italian,2017,99,Italy
Italian,2018,99,Italy
Italian,2019,99,Italy
Italian,2020,99,Italy
Italian,2021,99,Italy
Italian,2022,99,Italy
,,,
,,,
,,,
,,,
,,,
,,,
,,,
,,,
,,,
,,,
,,,
,,,
,,,
,,,
,,,
,,,
,,,
,,,
,,,
,,,
,,,
,,,
,,,
,,,
,,,
Japanese,1975,1,Japan
Japanese,1976,4,Japan
Japanese,1977,5,Japan
Japanese,1978,5,Japan
Japanese,1979,5,Japan
Japanese,1980,5,Japan
Japanese,1981,5,Japan
Japanese,1982,5,Japan
Japanese,1983,5,Japan
Japanese,1984,5,Japan
Japanese,1985,5,Japan
Japanese,1986,5,Japan
Japanese,1987,6,Japan
Japanese,1988,7,Japan
Japanese,1989,7,Japan
Japanese,1990,7,Japan
Japanese,1991,8,Japan
Japanese,1992,9,Japan
Japanese,1993,10,Japan
Japanese,1994,12,Japan
Japanese,1995,12,Japan
Japanese,1996,12,Japan
Japanese,1997,13,Japan
Japanese,1998,14,Japan
Japanese,1999,14,Japan
Japanese,2000,14,Japan
Japanese,2001,14,Japan
Japanese,2002,15,Japan
Japanese,2003,15,Japan
Japanese,2004,15,Japan
Japanese,2005,15,Japan
Japanese,2006,17,Japan
Japanese,2007,18,Japan
Japanese,2008,18,Japan
Japanese,2009,19,Japan
Japanese,2010,19,Japan
Japanese,2011,19,Japan
Japanese,2012,19,Japan
Japanese,2013,19,Japan
Japanese,2014,19,Japan
Japanese,2015,19,Japan
Japanese,2016,19,Japan
Japanese,2017,19,Japan
Japanese,2018,19,Japan
Japanese,2019,19,Japan
Japanese,2020,19,Japan
Japanese,2021,20,Japan
Japanese,2022,20,Japan
,,,
,,,
,,,
,,,
,,,
,,,
,,,
,,,
,,,
,,,
,,,
,,,
,,,
,,,
,,,
,,,
,,,
,,,
,,,
,,,
,,,
,,,
,,,
Liechtensteiner,1973,1,Liechtenstein
Liechtensteiner,1974,1,Liechtenstein
Liechtensteiner,1975,1,Liechtenstein
Liechtensteiner,1976,1,Liechtenstein
Liechtensteiner,1977,1,Liechtenstein
Liechtensteiner,1978,1,Liechtenstein
Liechtensteiner,1979,1,Liechtenstein
Liechtensteiner,1980,1,Liechtenstein
Liechtensteiner,1981,1,Liechtenstein
Liechtensteiner,1982,1,Liechtenstein
Liechtensteiner,1983,1,Liechtenstein
Liechtensteiner,1984,1,Liechtenstein
Liechtensteiner,1985,1,Liechtenstein
Liechtensteiner,1986,1,Liechtenstein
Liechtensteiner,1987,1,Liechtenstein
Liechtensteiner,1988,1,Liechtenstein
Liechtensteiner,1989,1,Liechtenstein
Liechtensteiner,1990,1,Liechtenstein
Liechtensteiner,1991,1,Liechtenstein
Liechtensteiner,1992,1,Liechtenstein
Liechtensteiner,1993,1,Liechtenstein
Liechtensteiner,1994,1,Liechtenstein
Liechtensteiner,1995,1,Liechtenstein
Liechtensteiner,1996,1,Liechtenstein
Liechtensteiner,1997,1,Liechtenstein
Liechtensteiner,1998,1,Liechtenstein
Liechtensteiner,1999,1,Liechtenstein
Liechtensteiner,2000,1,Liechtenstein
Liechtensteiner,2001,1,Liechtenstein
Liechtensteiner,2002,1,Liechtenstein
Liechtensteiner,2003,1,Liechtenstein
Liechtensteiner,2004,1,Liechtenstein
Liechtensteiner,2005,1,Liechtenstein
Liechtensteiner,2006,1,Liechtenstein
Liechtensteiner,2007,1,Liechtenstein
Liechtensteiner,2008,1,Liechtenstein
Liechtensteiner,2009,1,Liechtenstein
Liechtensteiner,2010,1,Liechtenstein
Liechtensteiner,2011,1,Liechtenstein
Liechtensteiner,2012,1,Liechtenstein
Liechtensteiner,2013,1,Liechtenstein
Liechtensteiner,2014,1,Liechtenstein
Liechtensteiner,2015,1,Liechtenstein
Liechtensteiner,2016,1,Liechtenstein
Liechtensteiner,2017,1,Liechtenstein
Liechtensteiner,2018,1,Liechtenstein
Liechtensteiner,2019,1,Liechtenstein
Liechtensteiner,2020,1,Liechtenstein
Liechtensteiner,2021,1,Liechtenstein
Liechtensteiner,2022,1,Liechtenstein
,,,
,,,
,,,
,,,
,,,
,,,
,,,
,,,
,,,
,,,
,,,
,,,
,,,
,,,
,,,
,,,
,,,
,,,
,,,
,,,
,,,
,,,
,,,
,,,
,,,
,,,
,,,
,,,
,,,
,,,
,,,
,,,
,,,
,,,
,,,
,,,
,,,
,,,
,,,
,,,
,,,
,,,
,,,
,,,
,,,
,,,
,,,
,,,
,,,
,,,
,,,
Malaysian,2001,1,Malaysia
Malaysian,2002,1,Malaysia
Malaysian,2003,1,Malaysia
Malaysian,2004,1,Malaysia
Malaysian,2005,1,Malaysia
Malaysian,2006,1,Malaysia
Malaysian,2007,1,Malaysia
Malaysian,2008,1,Malaysia
Malaysian,2009,1,Malaysia
Malaysian,2010,1,Malaysia
Malaysian,2011,1,Malaysia
Malaysian,2012,1,Malaysia
Malaysian,2013,1,Malaysia
Malaysian,2014,1,Malaysia
Malaysian,2015,1,Malaysia
Malaysian,2016,1,Malaysia
Malaysian,2017,1,Malaysia
Malaysian,2018,1,Malaysia
Malaysian,2019,1,Malaysia
Malaysian,2020,1,Malaysia
Malaysian,2021,1,Malaysia
Malaysian,2022,1,Malaysia
,,,
,,,
,,,
,,,
,,,
,,,
,,,
,,,
,,,
,,,
,,,
Mexican,1961,1,Mexico
Mexican,1962,1,Mexico
Mexican,1963,3,Mexico
Mexican,1964,3,Mexico
Mexican,1965,3,Mexico
Mexican,1966,3,Mexico
Mexican,1967,3,Mexico
Mexican,1968,3,Mexico
Mexican,1969,3,Mexico
Mexican,1970,3,Mexico
Mexican,1971,3,Mexico
Mexican,1972,3,Mexico
Mexican,1973,3,Mexico
Mexican,1974,3,Mexico
Mexican,1975,3,Mexico
Mexican,1976,3,Mexico
Mexican,1977,4,Mexico
Mexican,1978,4,Mexico
Mexican,1979,4,Mexico
Mexican,1980,4,Mexico
Mexican,1981,4,Mexico
Mexican,1982,4,Mexico
Mexican,1983,4,Mexico
Mexican,1984,4,Mexico
Mexican,1985,4,Mexico
Mexican,1986,4,Mexico
Mexican,1987,4,Mexico
Mexican,1988,4,Mexico
Mexican,1989,4,Mexico
Mexican,1990,4,Mexico
Mexican,1991,4,Mexico
Mexican,1992,4,Mexico
Mexican,1993,4,Mexico
Mexican,1994,4,Mexico
Mexican,1995,4,Mexico
Mexican,1996,4,Mexico
Mexican,1997,4,Mexico
Mexican,1998,4,Mexico
Mexican,1999,4,Mexico
Mexican,2000,4,Mexico
Mexican,2001,4,Mexico
Mexican,2002,4,Mexico
Mexican,2003,4,Mexico
Mexican,2004,4,Mexico
Mexican,2005,4,Mexico
Mexican,2006,4,Mexico
Mexican,2007,4,Mexico
Mexican,2008,4,Mexico
Mexican,2009,4,Mexico
Mexican,2010,4,Mexico
Mexican,2011,5,Mexico
Mexican,2012,5,Mexico
Mexican,2013,6,Mexico
Mexican,2014,6,Mexico
Mexican,2015,6,Mexico
Mexican,2016,6,Mexico
Mexican,2017,6,Mexico
Mexican,2018,6,Mexico
Mexican,2019,6,Mexico
Mexican,2020,6,Mexico
Mexican,2021,6,Mexico
Mexican,2022,6,Mexico
Monegasque,1950,1,Monaco
Monegasque,1951,1,Monaco
Monegasque,1952,1,Monaco
Monegasque,1953,1,Monaco
Monegasque,1954,1,Monaco
Monegasque,1955,1,Monaco
Monegasque,1956,1,Monaco
Monegasque,1957,1,Monaco
Monegasque,1958,2,Monaco
Monegasque,1959,2,Monaco
Monegasque,1960,2,Monaco
Monegasque,1961,2,Monaco
Monegasque,1962,2,Monaco
Monegasque,1963,2,Monaco
Monegasque,1964,2,Monaco
Monegasque,1965,2,Monaco
Monegasque,1966,2,Monaco
Monegasque,1967,2,Monaco
Monegasque,1968,2,Monaco
Monegasque,1969,2,Monaco
Monegasque,1970,2,Monaco
Monegasque,1971,2,Monaco
Monegasque,1972,2,Monaco
Monegasque,1973,2,Monaco
Monegasque,1974,2,Monaco
Monegasque,1975,2,Monaco
Monegasque,1976,2,Monaco
Monegasque,1977,2,Monaco
Monegasque,1978,2,Monaco
Monegasque,1979,2,Monaco
Monegasque,1980,2,Monaco
Monegasque,1981,2,Monaco
Monegasque,1982,2,Monaco
Monegasque,1983,2,Monaco
Monegasque,1984,2,Monaco
Monegasque,1985,2,Monaco
Monegasque,1986,2,Monaco
Monegasque,1987,2,Monaco
Monegasque,1988,2,Monaco
Monegasque,1989,2,Monaco
Monegasque,1990,2,Monaco
Monegasque,1991,2,Monaco
Monegasque,1992,2,Monaco
Monegasque,1993,2,Monaco
Monegasque,1994,3,Monaco
Monegasque,1995,3,Monaco
Monegasque,1996,3,Monaco
Monegasque,1997,3,Monaco
Monegasque,1998,3,Monaco
Monegasque,1999,3,Monaco
Monegasque,2000,3,Monaco
Monegasque,2001,3,Monaco
Monegasque,2002,3,Monaco
Monegasque,2003,3,Monaco
Monegasque,2004,3,Monaco
Monegasque,2005,3,Monaco
Monegasque,2006,3,Monaco
Monegasque,2007,3,Monaco
Monegasque,2008,3,Monaco
Monegasque,2009,3,Monaco
Monegasque,2010,3,Monaco
Monegasque,2011,3,Monaco
Monegasque,2012,3,Monaco
Monegasque,2013,3,Monaco
Monegasque,2014,3,Monaco
Monegasque,2015,3,Monaco
Monegasque,2016,3,Monaco
Monegasque,2017,3,Monaco
Monegasque,2018,4,Monaco
Monegasque,2019,4,Monaco
Monegasque,2020,4,Monaco
Monegasque,2021,4,Monaco
Monegasque,2022,4,Monaco
,,,
,,,
,,,
,,,
,,,
,,,
,,,
,,,
New Zealander,1958,1,New Zealand
New Zealander,1959,1,New Zealand
New Zealander,1960,1,New Zealand
New Zealander,1961,1,New Zealand
New Zealander,1962,2,New Zealand
New Zealander,1963,3,New Zealand
New Zealander,1964,3,New Zealand
New Zealander,1965,4,New Zealand
New Zealander,1966,4,New Zealand
New Zealander,1967,4,New Zealand
New Zealander,1968,4,New Zealand
New Zealander,1969,4,New Zealand
New Zealander,1970,4,New Zealand
New Zealander,1971,5,New Zealand
New Zealander,1972,5,New Zealand
New Zealander,1973,6,New Zealand
New Zealander,1974,7,New Zealand
New Zealander,1975,7,New Zealand
New Zealander,1976,7,New Zealand
New Zealander,1977,7,New Zealand
New Zealander,1978,7,New Zealand
New Zealander,1979,7,New Zealand
New Zealander,1980,8,New Zealand
New Zealander,1981,8,New Zealand
New Zealander,1982,8,New Zealand
New Zealander,1983,8,New Zealand
New Zealander,1984,8,New Zealand
New Zealander,1985,8,New Zealand
New Zealander,1986,8,New Zealand
New Zealander,1987,8,New Zealand
New Zealander,1988,8,New Zealand
New Zealander,1989,8,New Zealand
New Zealander,1990,8,New Zealand
New Zealander,1991,8,New Zealand
New Zealander,1992,8,New Zealand
New Zealander,1993,8,New Zealand
New Zealander,1994,8,New Zealand
New Zealander,1995,8,New Zealand
New Zealander,1996,8,New Zealand
New Zealander,1997,8,New Zealand
New Zealander,1998,8,New Zealand
New Zealander,1999,8,New Zealand
New Zealander,2000,8,New Zealand
New Zealander,2001,8,New Zealand
New Zealander,2002,8,New Zealand
New Zealander,2003,8,New Zealand
New Zealander,2004,8,New Zealand
New Zealander,2005,8,New Zealand
New Zealander,2006,8,New Zealand
New Zealander,2007,8,New Zealand
New Zealander,2008,8,New Zealand
New Zealander,2009,8,New Zealand
New Zealander,2010,8,New Zealand
New Zealander,2011,8,New Zealand
New Zealander,2012,8,New Zealand
New Zealander,2013,8,New Zealand
New Zealander,2014,8,New Zealand
New Zealander,2015,8,New Zealand
New Zealander,2016,8,New Zealand
New Zealander,2017,9,New Zealand
New Zealander,2018,9,New Zealand
New Zealander,2019,9,New Zealand
New Zealander,2020,9,New Zealand
New Zealander,2021,9,New Zealand
New Zealander,2022,9,New Zealand
,,,
,,,
,,,
,,,
,,,
,,,
,,,
,,,
,,,
,,,
,,,
,,,
,,,
,,,
,,,
,,,
,,,
,,,
,,,
,,,
,,,
,,,
,,,
,,,
,,,
,,,
,,,
,,,
,,,
,,,
,,,
,,,
,,,
,,,
,,,
,,,
,,,
,,,
,,,
,,,
,,,
,,,
,,,
,,,
,,,
,,,
,,,
,,,
,,,
,,,
,,,
,,,
,,,
,,,
,,,
,,,
Polish,2006,1,Poland
Polish,2007,1,Poland
Polish,2008,1,Poland
Polish,2009,1,Poland
Polish,2010,1,Poland
Polish,2011,1,Poland
Polish,2012,1,Poland
Polish,2013,1,Poland
Polish,2014,1,Poland
Polish,2015,1,Poland
Polish,2016,1,Poland
Polish,2017,1,Poland
Polish,2018,1,Poland
Polish,2019,1,Poland
Polish,2020,1,Poland
Polish,2021,1,Poland
Polish,2022,1,Poland
,,,
,,,
,,,
,,,
,,,
,,,
,,,
,,,
,,,
Portuguese,1959,1,Portugal
Portuguese,1960,1,Portugal
Portuguese,1961,1,Portugal
Portuguese,1962,1,Portugal
Portuguese,1963,1,Portugal
Portuguese,1964,1,Portugal
Portuguese,1965,1,Portugal
Portuguese,1966,1,Portugal
Portuguese,1967,1,Portugal
Portuguese,1968,1,Portugal
Portuguese,1969,1,Portugal
Portuguese,1970,1,Portugal
Portuguese,1971,1,Portugal
Portuguese,1972,1,Portugal
Portuguese,1973,1,Portugal
Portuguese,1974,1,Portugal
Portuguese,1975,1,Portugal
Portuguese,1976,1,Portugal
Portuguese,1977,1,Portugal
Portuguese,1978,1,Portugal
Portuguese,1979,1,Portugal
Portuguese,1980,1,Portugal
Portuguese,1981,1,Portugal
Portuguese,1982,1,Portugal
Portuguese,1983,1,Portugal
Portuguese,1984,1,Portugal
Portuguese,1985,1,Portugal
Portuguese,1986,1,Portugal
Portuguese,1987,1,Portugal
Portuguese,1988,1,Portugal
Portuguese,1989,1,Portugal
Portuguese,1990,1,Portugal
Portuguese,1991,2,Portugal
Portuguese,1992,2,Portugal
Portuguese,1993,3,Portugal
Portuguese,1994,3,Portugal
Portuguese,1995,3,Portugal
Portuguese,1996,3,Portugal
Portuguese,1997,3,Portugal
Portuguese,1998,3,Portugal
Portuguese,1999,3,Portugal
Portuguese,2000,3,Portugal
Portuguese,2001,3,Portugal
Portuguese,2002,3,Portugal
Portuguese,2003,3,Portugal
Portuguese,2004,3,Portugal
Portuguese,2005,4,Portugal
Portuguese,2006,4,Portugal
Portuguese,2007,4,Portugal
Portuguese,2008,4,Portugal
Portuguese,2009,4,Portugal
Portuguese,2010,4,Portugal
Portuguese,2011,4,Portugal
Portuguese,2012,4,Portugal
Portuguese,2013,4,Portugal
Portuguese,2014,4,Portugal
Portuguese,2015,4,Portugal
Portuguese,2016,4,Portugal
Portuguese,2017,4,Portugal
Portuguese,2018,4,Portugal
Portuguese,2019,4,Portugal
Portuguese,2020,4,Portugal
Portuguese,2021,4,Portugal
Portuguese,2022,4,Portugal
,,,
,,,
,,,
,,,
,,,
,,,
,,,
,,,
,,,
,,,
,,,
,,,
Rhodesian,1962,3,Zimbabwe
Rhodesian,1963,3,Zimbabwe
Rhodesian,1964,3,Zimbabwe
Rhodesian,1965,4,Zimbabwe
Rhodesian,1966,4,Zimbabwe
Rhodesian,1967,4,Zimbabwe
Rhodesian,1968,4,Zimbabwe
Rhodesian,1969,4,Zimbabwe
Rhodesian,1970,4,Zimbabwe
Rhodesian,1971,4,Zimbabwe
Rhodesian,1972,4,Zimbabwe
Rhodesian,1973,4,Zimbabwe
Rhodesian,1974,4,Zimbabwe
Rhodesian,1975,4,Zimbabwe
Rhodesian,1976,4,Zimbabwe
Rhodesian,1977,4,Zimbabwe
Rhodesian,1978,4,Zimbabwe
Rhodesian,1979,4,Zimbabwe
Rhodesian,1980,4,Zimbabwe
Rhodesian,1981,4,Zimbabwe
Rhodesian,1982,4,Zimbabwe
Rhodesian,1983,4,Zimbabwe
Rhodesian,1984,4,Zimbabwe
Rhodesian,1985,4,Zimbabwe
Rhodesian,1986,4,Zimbabwe
Rhodesian,1987,4,Zimbabwe
Rhodesian,1988,4,Zimbabwe
Rhodesian,1989,4,Zimbabwe
Rhodesian,1990,4,Zimbabwe
Rhodesian,1991,4,Zimbabwe
Rhodesian,1992,4,Zimbabwe
Rhodesian,1993,4,Zimbabwe
Rhodesian,1994,4,Zimbabwe
Rhodesian,1995,4,Zimbabwe
Rhodesian,1996,4,Zimbabwe
Rhodesian,1997,4,Zimbabwe
Rhodesian,1998,4,Zimbabwe
Rhodesian,1999,4,Zimbabwe
Rhodesian,2000,4,Zimbabwe
Rhodesian,2001,4,Zimbabwe
Rhodesian,2002,4,Zimbabwe
Rhodesian,2003,4,Zimbabwe
Rhodesian,2004,4,Zimbabwe
Rhodesian,2005,4,Zimbabwe
Rhodesian,2006,4,Zimbabwe
Rhodesian,2007,4,Zimbabwe
Rhodesian,2008,4,Zimbabwe
Rhodesian,2009,4,Zimbabwe
Rhodesian,2010,4,Zimbabwe
Rhodesian,2011,4,Zimbabwe
Rhodesian,2012,4,Zimbabwe
Rhodesian,2013,4,Zimbabwe
Rhodesian,2014,4,Zimbabwe
Rhodesian,2015,4,Zimbabwe
Rhodesian,2016,4,Zimbabwe
Rhodesian,2017,4,Zimbabwe
Rhodesian,2018,4,Zimbabwe
Rhodesian,2019,4,Zimbabwe
Rhodesian,2020,4,Zimbabwe
Rhodesian,2021,4,Zimbabwe
Rhodesian,2022,4,Zimbabwe
,,,
,,,
,,,
,,,
,,,
,,,
,,,
,,,
,,,
,,,
,,,
,,,
,,,
,,,
,,,
,,,
,,,
,,,
,,,
,,,
,,,
,,,
,,,
,,,
,,,
,,,
,,,
,,,
,,,
,,,
,,,
,,,
,,,
,,,
,,,
,,,
,,,
,,,
,,,
,,,
,,,
,,,
,,,
,,,
,,,
,,,
,,,
,,,
,,,
,,,
,,,
,,,
,,,
,,,
,,,
,,,
,,,
,,,
,,,
,,,
Russian,2010,1,Russia
Russian,2011,1,Russia
Russian,2012,1,Russia
Russian,2013,1,Russia
Russian,2014,2,Russia
Russian,2015,2,Russia
Russian,2016,2,Russia
Russian,2017,2,Russia
Russian,2018,3,Russia
Russian,2019,3,Russia
Russian,2020,3,Russia
Russian,2021,4,Russia
Russian,2022,4,Russia
,,,
,,,
,,,
,,,
,,,
,,,
,,,
,,,
,,,
,,,
,,,
South African,1961,1,South Africa
South African,1962,7,South Africa
South African,1963,11,South Africa
South African,1964,11,South Africa
South African,1965,16,South Africa
South African,1966,16,South Africa
South African,1967,17,South Africa
South African,1968,18,South Africa
South African,1969,18,South Africa
South African,1970,18,South Africa
South African,1971,18,South Africa
South African,1972,19,South Africa
South African,1973,20,South Africa
South African,1974,21,South Africa
South African,1975,22,South Africa
South African,1976,22,South Africa
South African,1977,22,South Africa
South African,1978,22,South Africa
South African,1979,22,South Africa
South African,1980,23,South Africa
South African,1981,23,South Africa
South African,1982,23,South Africa
South African,1983,23,South Africa
South African,1984,23,South Africa
South African,1985,23,South Africa
South African,1986,23,South Africa
South African,1987,23,South Africa
South African,1988,23,South Africa
South African,1989,23,South Africa
South African,1990,23,South Africa
South African,1991,23,South Africa
South African,1992,23,South Africa
South African,1993,23,South Africa
South African,1994,23,South Africa
South African,1995,23,South Africa
South African,1996,23,South Africa
South African,1997,23,South Africa
South African,1998,23,South Africa
South African,1999,23,South Africa
South African,2000,23,South Africa
South African,2001,23,South Africa
South African,2002,23,South Africa
South African,2003,23,South Africa
South African,2004,23,South Africa
South African,2005,23,South Africa
South African,2006,23,South Africa
South African,2007,23,South Africa
South African,2008,23,South Africa
South African,2009,23,South Africa
South African,2010,23,South Africa
South African,2011,23,South Africa
South African,2012,23,South Africa
South African,2013,23,South Africa
South African,2014,23,South Africa
South African,2015,23,South Africa
South African,2016,23,South Africa
South African,2017,23,South Africa
South African,2018,23,South Africa
South African,2019,23,South Africa
South African,2020,23,South Africa
South African,2021,23,South Africa
South African,2022,23,South Africa
,,,
Spanish,1951,2,Spain
Spanish,1952,2,Spain
Spanish,1953,2,Spain
Spanish,1954,2,Spain
Spanish,1955,2,Spain
Spanish,1956,3,Spain
Spanish,1957,3,Spain
Spanish,1958,3,Spain
Spanish,1959,3,Spain
Spanish,1960,4,Spain
Spanish,1961,4,Spain
Spanish,1962,4,Spain
Spanish,1963,4,Spain
Spanish,1964,4,Spain
Spanish,1965,4,Spain
Spanish,1966,4,Spain
Spanish,1967,4,Spain
Spanish,1968,4,Spain
Spanish,1969,4,Spain
Spanish,1970,5,Spain
Spanish,1971,5,Spain
Spanish,1972,5,Spain
Spanish,1973,5,Spain
Spanish,1974,5,Spain
Spanish,1975,5,Spain
Spanish,1976,7,Spain
Spanish,1977,7,Spain
Spanish,1978,7,Spain
Spanish,1979,7,Spain
Spanish,1980,7,Spain
Spanish,1981,7,Spain
Spanish,1982,7,Spain
Spanish,1983,7,Spain
Spanish,1984,7,Spain
Spanish,1985,7,Spain
Spanish,1986,7,Spain
Spanish,1987,8,Spain
Spanish,1988,9,Spain
Spanish,1989,9,Spain
Spanish,1990,9,Spain
Spanish,1991,9,Spain
Spanish,1992,9,Spain
Spanish,1993,9,Spain
Spanish,1994,9,Spain
Spanish,1995,9,Spain
Spanish,1996,9,Spain
Spanish,1997,9,Spain
Spanish,1998,9,Spain
Spanish,1999,11,Spain
Spanish,2000,11,Spain
Spanish,2001,12,Spain
Spanish,2002,12,Spain
Spanish,2003,12,Spain
Spanish,2004,12,Spain
Spanish,2005,12,Spain
Spanish,2006,12,Spain
Spanish,2007,12,Spain
Spanish,2008,12,Spain
Spanish,2009,13,Spain
Spanish,2010,13,Spain
Spanish,2011,13,Spain
Spanish,2012,13,Spain
Spanish,2013,13,Spain
Spanish,2014,13,Spain
Spanish,2015,15,Spain
Spanish,2016,15,Spain
Spanish,2017,15,Spain
Spanish,2018,15,Spain
Spanish,2019,15,Spain
Spanish,2020,15,Spain
Spanish,2021,15,Spain
Spanish,2022,15,Spain
,,,
,,,
,,,
,,,
,,,
,,,
Swedish,1956,1,Sweden
Swedish,1957,1,Sweden
Swedish,1958,1,Sweden
Swedish,1959,1,Sweden
Swedish,1960,1,Sweden
Swedish,1961,1,Sweden
Swedish,1962,1,Sweden
Swedish,1963,1,Sweden
Swedish,1964,1,Sweden
Swedish,1965,1,Sweden
Swedish,1966,1,Sweden
Swedish,1967,1,Sweden
Swedish,1968,1,Sweden
Swedish,1969,1,Sweden
Swedish,1970,3,Sweden
Swedish,1971,3,Sweden
Swedish,1972,3,Sweden
Swedish,1973,3,Sweden
Swedish,1974,4,Sweden
Swedish,1975,5,Sweden
Swedish,1976,7,Sweden
Swedish,1977,7,Sweden
Swedish,1978,7,Sweden
Swedish,1979,7,Sweden
Swedish,1980,8,Sweden
Swedish,1981,9,Sweden
Swedish,1982,9,Sweden
Swedish,1983,9,Sweden
Swedish,1984,9,Sweden
Swedish,1985,9,Sweden
Swedish,1986,9,Sweden
Swedish,1987,9,Sweden
Swedish,1988,9,Sweden
Swedish,1989,9,Sweden
Swedish,1990,9,Sweden
Swedish,1991,9,Sweden
Swedish,1992,9,Sweden
Swedish,1993,9,Sweden
Swedish,1994,9,Sweden
Swedish,1995,9,Sweden
Swedish,1996,9,Sweden
Swedish,1997,9,Sweden
Swedish,1998,9,Sweden
Swedish,1999,9,Sweden
Swedish,2000,9,Sweden
Swedish,2001,9,Sweden
Swedish,2002,9,Sweden
Swedish,2003,9,Sweden
Swedish,2004,9,Sweden
Swedish,2005,9,Sweden
Swedish,2006,9,Sweden
Swedish,2007,9,Sweden
Swedish,2008,9,Sweden
Swedish,2009,9,Sweden
Swedish,2010,9,Sweden
Swedish,2011,9,Sweden
Swedish,2012,9,Sweden
Swedish,2013,9,Sweden
Swedish,2014,10,Sweden
Swedish,2015,10,Sweden
Swedish,2016,10,Sweden
Swedish,2017,10,Sweden
Swedish,2018,10,Sweden
Swedish,2019,10,Sweden
Swedish,2020,10,Sweden
Swedish,2021,10,Sweden
Swedish,2022,10,Sweden
Swiss,1950,2,Switzerland
Swiss,1951,4,Switzerland
Swiss,1952,6,Switzerland
Swiss,1953,7,Switzerland
Swiss,1954,8,Switzerland
Swiss,1955,8,Switzerland
Swiss,1956,8,Switzerland
Swiss,1957,8,Switzerland
Swiss,1958,8,Switzerland
Swiss,1959,8,Switzerland
Swiss,1960,8,Switzerland
Swiss,1961,10,Switzerland
Swiss,1962,13,Switzerland
Swiss,1963,13,Switzerland
Swiss,1964,13,Switzerland
Swiss,1965,13,Switzerland
Swiss,1966,13,Switzerland
Swiss,1967,14,Switzerland
Swiss,1968,14,Switzerland
Swiss,1969,14,Switzerland
Swiss,1970,15,Switzerland
Swiss,1971,15,Switzerland
Swiss,1972,15,Switzerland
Swiss,1973,15,Switzerland
Swiss,1974,15,Switzerland
Swiss,1975,16,Switzerland
Swiss,1976,17,Switzerland
Swiss,1977,17,Switzerland
Swiss,1978,17,Switzerland
Swiss,1979,18,Switzerland
Swiss,1980,18,Switzerland
Swiss,1981,18,Switzerland
Swiss,1982,18,Switzerland
Swiss,1983,18,Switzerland
Swiss,1984,18,Switzerland
Swiss,1985,18,Switzerland
Swiss,1986,18,Switzerland
Swiss,1987,19,Switzerland
Swiss,1988,19,Switzerland
Swiss,1989,20,Switzerland
Swiss,1990,20,Switzerland
Swiss,1991,20,Switzerland
Swiss,1992,21,Switzerland
Swiss,1993,21,Switzerland
Swiss,1994,22,Switzerland
Swiss,1995,22,Switzerland
Swiss,1996,22,Switzerland
Swiss,1997,22,Switzerland
Swiss,1998,22,Switzerland
Swiss,1999,22,Switzerland
Swiss,2000,22,Switzerland
Swiss,2001,22,Switzerland
Swiss,2002,22,Switzerland
Swiss,2003,22,Switzerland
Swiss,2004,22,Switzerland
Swiss,2005,22,Switzerland
Swiss,2006,22,Switzerland
Swiss,2007,22,Switzerland
Swiss,2008,22,Switzerland
Swiss,2009,23,Switzerland
Swiss,2010,23,Switzerland
Swiss,2011,23,Switzerland
Swiss,2012,23,Switzerland
Swiss,2013,23,Switzerland
Swiss,2014,23,Switzerland
Swiss,2015,23,Switzerland
Swiss,2016,23,Switzerland
Swiss,2017,23,Switzerland
Swiss,2018,23,Switzerland
Swiss,2019,23,Switzerland
Swiss,2020,23,Switzerland
Swiss,2021,23,Switzerland
Swiss,2022,23,Switzerland
Thai,1950,1,Thailand
Thai,1951,1,Thailand
Thai,1952,1,Thailand
Thai,1953,1,Thailand
Thai,1954,1,Thailand
Thai,1955,1,Thailand
Thai,1956,1,Thailand
Thai,1957,1,Thailand
Thai,1958,1,Thailand
Thai,1959,1,Thailand
Thai,1960,1,Thailand
Thai,1961,1,Thailand
Thai,1962,1,Thailand
Thai,1963,1,Thailand
Thai,1964,1,Thailand
Thai,1965,1,Thailand
Thai,1966,1,Thailand
Thai,1967,1,Thailand
Thai,1968,1,Thailand
Thai,1969,1,Thailand
Thai,1970,1,Thailand
Thai,1971,1,Thailand
Thai,1972,1,Thailand
Thai,1973,1,Thailand
Thai,1974,1,Thailand
Thai,1975,1,Thailand
Thai,1976,1,Thailand
Thai,1977,1,Thailand
Thai,1978,1,Thailand
Thai,1979,1,Thailand
Thai,1980,1,Thailand
Thai,1981,1,Thailand
Thai,1982,1,Thailand
Thai,1983,1,Thailand
Thai,1984,1,Thailand
Thai,1985,1,Thailand
Thai,1986,1,Thailand
Thai,1987,1,Thailand
Thai,1988,1,Thailand
Thai,1989,1,Thailand
Thai,1990,1,Thailand
Thai,1991,1,Thailand
Thai,1992,1,Thailand
Thai,1993,1,Thailand
Thai,1994,1,Thailand
Thai,1995,1,Thailand
Thai,1996,1,Thailand
Thai,1997,1,Thailand
Thai,1998,1,Thailand
Thai,1999,1,Thailand
Thai,2000,1,Thailand
Thai,2001,1,Thailand
Thai,2002,1,Thailand
Thai,2003,1,Thailand
Thai,2004,1,Thailand
Thai,2005,1,Thailand
Thai,2006,1,Thailand
Thai,2007,1,Thailand
Thai,2008,1,Thailand
Thai,2009,1,Thailand
Thai,2010,1,Thailand
Thai,2011,1,Thailand
Thai,2012,1,Thailand
Thai,2013,1,Thailand
Thai,2014,1,Thailand
Thai,2015,1,Thailand
Thai,2016,1,Thailand
Thai,2017,1,Thailand
Thai,2018,1,Thailand
Thai,2019,2,Thailand
Thai,2020,2,Thailand
Thai,2021,2,Thailand
Thai,2022,2,Thailand
,,,
,,,
Uruguayan,1952,1,Uruguay
Uruguayan,1953,1,Uruguay
Uruguayan,1954,1,Uruguay
Uruguayan,1955,2,Uruguay
Uruguayan,1956,3,Uruguay
Uruguayan,1957,3,Uruguay
Uruguayan,1958,3,Uruguay
Uruguayan,1959,4,Uruguay
Uruguayan,1960,4,Uruguay
Uruguayan,1961,4,Uruguay
Uruguayan,1962,4,Uruguay
Uruguayan,1963,4,Uruguay
Uruguayan,1964,4,Uruguay
Uruguayan,1965,4,Uruguay
Uruguayan,1966,4,Uruguay
Uruguayan,1967,4,Uruguay
Uruguayan,1968,4,Uruguay
Uruguayan,1969,4,Uruguay
Uruguayan,1970,4,Uruguay
Uruguayan,1971,4,Uruguay
Uruguayan,1972,4,Uruguay
Uruguayan,1973,4,Uruguay
Uruguayan,1974,4,Uruguay
Uruguayan,1975,4,Uruguay
Uruguayan,1976,4,Uruguay
Uruguayan,1977,4,Uruguay
Uruguayan,1978,4,Uruguay
Uruguayan,1979,4,Uruguay
Uruguayan,1980,4,Uruguay
Uruguayan,1981,4,Uruguay
Uruguayan,1982,4,Uruguay
Uruguayan,1983,4,Uruguay
Uruguayan,1984,4,Uruguay
Uruguayan,1985,4,Uruguay
Uruguayan,1986,4,Uruguay
Uruguayan,1987,4,Uruguay
Uruguayan,1988,4,Uruguay
Uruguayan,1989,4,Uruguay
Uruguayan,1990,4,Uruguay
Uruguayan,1991,4,Uruguay
Uruguayan,1992,4,Uruguay
Uruguayan,1993,4,Uruguay
Uruguayan,1994,4,Uruguay
Uruguayan,1995,4,Uruguay
Uruguayan,1996,4,Uruguay
Uruguayan,1997,4,Uruguay
Uruguayan,1998,4,Uruguay
Uruguayan,1999,4,Uruguay
Uruguayan,2000,4,Uruguay
Uruguayan,2001,4,Uruguay
Uruguayan,2002,4,Uruguay
Uruguayan,2003,4,Uruguay
Uruguayan,2004,4,Uruguay
Uruguayan,2005,4,Uruguay
Uruguayan,2006,4,Uruguay
Uruguayan,2007,4,Uruguay
Uruguayan,2008,4,Uruguay
Uruguayan,2009,4,Uruguay
Uruguayan,2010,4,Uruguay
Uruguayan,2011,4,Uruguay
Uruguayan,2012,4,Uruguay
Uruguayan,2013,4,Uruguay
Uruguayan,2014,4,Uruguay
Uruguayan,2015,4,Uruguay
Uruguayan,2016,4,Uruguay
Uruguayan,2017,4,Uruguay
Uruguayan,2018,4,Uruguay
Uruguayan,2019,4,Uruguay
Uruguayan,2020,4,Uruguay
Uruguayan,2021,4,Uruguay
Uruguayan,2022,4,Uruguay
,,,
,,,
,,,
,,,
,,,
,,,
,,,
,,,
,,,
,,,
Venezuelan,1960,1,Venezuela
Venezuelan,1961,1,Venezuela
Venezuelan,1962,1,Venezuela
Venezuelan,1963,1,Venezuela
Venezuelan,1964,1,Venezuela
Venezuelan,1965,1,Venezuela
Venezuelan,1966,1,Venezuela
Venezuelan,1967,1,Venezuela
Venezuelan,1968,1,Venezuela
Venezuelan,1969,1,Venezuela
Venezuelan,1970,1,Venezuela
Venezuelan,1971,1,Venezuela
Venezuelan,1972,1,Venezuela
Venezuelan,1973,1,Venezuela
Venezuelan,1974,1,Venezuela
Venezuelan,1975,1,Venezuela
Venezuelan,1976,1,Venezuela
Venezuelan,1977,1,Venezuela
Venezuelan,1978,1,Venezuela
Venezuelan,1979,1,Venezuela
Venezuelan,1980,1,Venezuela
Venezuelan,1981,1,Venezuela
Venezuelan,1982,1,Venezuela
Venezuelan,1983,2,Venezuela
Venezuelan,1984,2,Venezuela
Venezuelan,1985,2,Venezuela
Venezuelan,1986,2,Venezuela
Venezuelan,1987,2,Venezuela
Venezuelan,1988,2,Venezuela
Venezuelan,1989,2,Venezuela
Venezuelan,1990,2,Venezuela
Venezuelan,1991,2,Venezuela
Venezuelan,1992,2,Venezuela
Venezuelan,1993,2,Venezuela
Venezuelan,1994,2,Venezuela
Venezuelan,1995,2,Venezuela
Venezuelan,1996,2,Venezuela
Venezuelan,1997,2,Venezuela
Venezuelan,1998,2,Venezuela
Venezuelan,1999,2,Venezuela
Venezuelan,2000,2,Venezuela
Venezuelan,2001,2,Venezuela
Venezuelan,2002,2,Venezuela
Venezuelan,2003,2,Venezuela
Venezuelan,2004,2,Venezuela
Venezuelan,2005,2,Venezuela
Venezuelan,2006,2,Venezuela
Venezuelan,2007,2,Venezuela
Venezuelan,2008,2,Venezuela
Venezuelan,2009,2,Venezuela
Venezuelan,2010,2,Venezuela
Venezuelan,2011,3,Venezuela
Venezuelan,2012,3,Venezuela
Venezuelan,2013,3,Venezuela
Venezuelan,2014,3,Venezuela
Venezuelan,2015,3,Venezuela
Venezuelan,2016,3,Venezuela
Venezuelan,2017,3,Venezuela
Venezuelan,2018,3,Venezuela
Venezuelan,2019,3,Venezuela
Venezuelan,2020,3,Venezuela
Venezuelan,2021,3,Venezuela
Venezuelan,2022,3,Venezuela
